ID,Name,Gender,Phone,Country,Email
ka822,Erdman,M,030178607228,SZ,Magnolia.Erdman@gmail.com
3y7fi,Kreiger,M,071752946350,MF,Kiera6@yahoo.com
8o0hg,Kovacek,M,004899532878,IO,Cayla.Kovacek58@hotmail.com
rq1f4,Nolan,F,050364878448,MY,Casper_Nolan@gmail.com
3f44z,Dibbert,F,051183370419,RW,Herta43@hotmail.com
5tsq8,Smith,M,045933376882,AI,Maddison.Smith37@yahoo.com
subck,Roberts,F,060270245929,MR,Armand.Roberts@hotmail.com
c0zz8,Rippin,M,064151617447,VU,Emmet_Rippin@hotmail.com
bjzfq,Skiles,F,053858549471,CU,Reed_Skiles12@gmail.com
jglqv,Langworth,M,048423325719,ME,Graham.Langworth77@yahoo.com
borns,Abbott,F,005238431447,OM,Priscilla_Abbott24@gmail.com
zhx8l,Osinski,F,033711712259,AS,Nannie.Osinski60@yahoo.com
1f48v,Heaney,F,061734465472,DK,Lukas_Heaney@yahoo.com
juvya,Pagac,F,038968902110,AO,Hulda84@yahoo.com
51gyl,Gaylord,M,040627866272,MO,Crystal_Gaylord@yahoo.com
6m5ra,Senger,M,097750516029,NR,Monserrate.Senger@yahoo.com
8aizw,Baumbach,M,020642837203,CY,Sydnee.Baumbach@yahoo.com
wav8n,Lowe,M,081194849282,KW,Norval_Lowe@gmail.com
h77ox,Shanahan,M,069332181445,IO,Charity.Shanahan77@yahoo.com
3vwli,Murphy,M,032370014959,ML,Nya4@gmail.com
q0798,Bashirian,F,042346854279,ZW,Ara.Bashirian52@yahoo.com
y1sef,Effertz,M,053253191208,DO,Pinkie_Effertz80@gmail.com
ubtq0,Hammes,F,055966896240,VG,Chaya24@yahoo.com
1wtdp,Hills,F,097678984458,NE,Cletus94@gmail.com
v4x1e,Pfeffer,F,093285508766,SV,Troy.Pfeffer34@gmail.com
xi14p,Zboncak,M,043690376359,DE,Maci.Zboncak@hotmail.com
bv83v,Deckow,F,079446816209,AX,Tommie_Deckow@yahoo.com
kxgvd,Smitham,F,019396548089,ST,Murray_Smitham49@gmail.com
a71ol,Kirlin,M,017396650947,CV,Ervin79@hotmail.com
5qod1,Rath,M,050570635558,VN,Virgie_Rath@hotmail.com
1yipp,Gerlach,M,083628197551,IM,Francisca18@gmail.com
bwuo9,Baumbach,F,031709527138,JE,Matt_Baumbach17@yahoo.com
qbzq0,Zieme,F,098779405651,MH,Jalyn.Zieme28@yahoo.com
mwr4y,Lueilwitz,M,071706102171,CA,Brett.Lueilwitz28@hotmail.com
9y1hy,Schumm,M,065307375768,WF,Cleta79@yahoo.com
iljg5,Hauck,F,083395897126,RO,Marques59@yahoo.com
ygvbt,Zieme,M,037079730239,CC,Maddison.Zieme@hotmail.com
p9jn5,Runolfsdottir,M,047763223066,PK,Graciela.Runolfsdottir92@yahoo.com
ky7pi,Stoltenberg,M,043244262549,IS,Allan15@yahoo.com
i27i3,Franecki,M,064410763285,RE,Effie_Franecki71@yahoo.com
hpv5j,Ward,M,002581120571,KI,Tremayne_Ward3@yahoo.com
g8kks,Boyle,M,075006990134,AG,Harrison12@gmail.com
yaept,Zboncak,M,070340548331,IT,Chanel_Zboncak91@gmail.com
rn1yj,Runte,F,074929560344,ET,Jaeden.Runte@gmail.com
kmg08,Reichel,F,099643850359,TC,Tristin_Reichel53@hotmail.com
dw88d,Koelpin,M,058183187926,BL,Stefan.Koelpin50@yahoo.com
zyma0,Mohr,F,088174378816,BN,Christian_Mohr44@yahoo.com
1grb3,Kshlerin,M,055559953863,DO,Cleveland15@gmail.com
kvto1,Tillman,M,021047156652,MZ,Oswald.Tillman@gmail.com
l2rmx,Jaskolski,F,046498981957,MK,Hayley40@yahoo.com
pt2fg,Stamm,F,090671289655,FO,Elyse52@yahoo.com
2nayc,Kohler,M,076264555601,HK,Arlo_Kohler@hotmail.com
zxpry,Leffler,F,068720837003,PN,Shakira.Leffler58@gmail.com
i6jqc,Barrows,M,062085402995,HM,Mafalda69@yahoo.com
dt6pe,Hansen,F,085641040292,GM,Bridget.Hansen39@yahoo.com
1l93a,O'Kon,M,012683734613,CL,Daisy_OKon@gmail.com
vx8wr,Stehr,F,056198191235,VU,Brando.Stehr@hotmail.com
ys1zg,Leffler,M,011349464301,US,Erik6@hotmail.com
aqamv,Rowe,F,053142191397,AR,Marquis.Rowe83@gmail.com
xsm8x,Schuppe,F,056580747585,MX,Ernesto_Schuppe@yahoo.com
t1xxh,Hessel,F,067515731553,AX,Toby.Hessel@hotmail.com
nziqr,Ferry,M,026942173842,KN,Cristopher.Ferry63@yahoo.com
09xe5,Littel,M,005998995848,US,Monroe26@yahoo.com
f2lyt,Rippin,M,016769835644,GP,Leola46@hotmail.com
s4ims,Smitham,F,039939407925,IN,Helena11@gmail.com
poxgz,Crooks,M,055069114426,CZ,Shawn11@hotmail.com
nm8z3,Kutch,M,033754056098,ST,Akeem3@yahoo.com
b1739,McDermott,F,022535379629,DM,Columbus.McDermott61@yahoo.com
ywb4f,Cummerata,F,017720484339,VC,Hilma_Cummerata@hotmail.com
c9lk8,Klocko,M,050708822766,EH,Lorine_Klocko99@yahoo.com
btuhy,Konopelski,M,060635167212,KG,Coty_Konopelski@yahoo.com
3k4u1,Roberts,M,055219952846,IS,Angelita.Roberts@gmail.com
841ku,Wilderman,F,060692605169,BI,Destany54@gmail.com
0gayf,Schoen,F,075512252776,FI,Cecilia84@gmail.com
b5z25,Shields,F,092103750739,MS,Riley72@yahoo.com
dgihq,Feest,F,097018885579,FK,Maximus.Feest@hotmail.com
om7e9,Spencer,M,034214931553,MX,Everett.Spencer17@yahoo.com
z8htn,Lemke,F,040385638552,ZA,Renee_Lemke@yahoo.com
zwzki,Franecki,F,009542773849,WF,Megane31@gmail.com
0ziwn,Ankunding,M,024895454835,MQ,Emory_Ankunding@yahoo.com
w6wc7,Howell,F,031455231587,KP,Reba.Howell68@gmail.com
q9a0i,Hahn,F,005669608361,FM,Elizabeth53@hotmail.com
0v3l7,Fay,F,086835636521,BI,Rhea.Fay74@gmail.com
xmpt9,Hirthe,F,017474360457,CF,Janick76@gmail.com
d8o2j,Stamm,M,050345916654,PR,Madge_Stamm47@yahoo.com
voijk,Schaden,F,070700916192,NU,Shaniya.Schaden42@hotmail.com
whhjs,Hintz,M,044202034752,MQ,Rogers45@hotmail.com
ekuxu,Kozey,F,082203045656,RO,Dorthy.Kozey99@gmail.com
ag2h2,Willms,M,091508347589,TK,Gunnar_Willms@gmail.com
6ygfl,Mayert,F,005822178004,MM,Keshawn_Mayert@hotmail.com
lgsux,Wiegand,F,064701959296,LB,Sheila.Wiegand49@hotmail.com
5imlp,Rodriguez,F,076429181956,BE,Emerald.Rodriguez@gmail.com
3h686,Wunsch,M,057578277864,BM,Priscilla.Wunsch15@yahoo.com
kpqml,Steuber,M,047539519124,BJ,Camden_Steuber54@gmail.com
vn6mr,Davis,M,079124500075,CV,Enos.Davis49@yahoo.com
sj10h,Will,F,017463355318,MV,Arlene63@gmail.com
ajyjq,Heathcote,M,008366785898,ID,Sharon.Heathcote85@yahoo.com
vfl7t,Schultz,F,032221263337,LK,Green.Schultz11@yahoo.com
3kt27,Bosco,M,019832179530,MY,Oswald_Bosco@yahoo.com
e4pao,Schroeder,F,019742121500,MV,Imogene.Schroeder@gmail.com
8sxmj,Kuvalis,F,069146610176,CW,Sylvester18@hotmail.com
rsdp2,Okuneva,M,070338506150,VG,Friedrich.Okuneva@gmail.com
g27t8,VonRueden,M,054088914517,TF,Wilhelm11@yahoo.com
f6ubt,Lang,M,038312094941,AR,Titus_Lang82@hotmail.com
11641,Stehr,F,037874481536,JO,Kyle_Stehr12@yahoo.com
d79pj,Barrows,F,030408513584,SM,Nya49@gmail.com
xj5ec,Mohr,F,037976857997,NI,Dominique29@yahoo.com
u0xlk,Nolan,M,086192358083,UG,Brannon_Nolan@gmail.com
xeeoo,Brakus,M,023953407129,GF,Shawn_Brakus14@hotmail.com
wwuiy,Hackett,F,015832622001,EE,Benjamin_Hackett65@hotmail.com
o955s,Brakus,M,075818471661,KR,Keanu.Brakus@yahoo.com
bvzj0,Runte,F,099813154333,AM,Anastacio4@gmail.com
jcfjj,Rau,M,058389379253,SA,Americo.Rau@yahoo.com
oe168,Gutkowski,M,050394461228,LR,Jany.Gutkowski68@yahoo.com
xoxza,Grady,M,087265970282,SC,Lori_Grady91@gmail.com
4f1nw,Cronin,F,092355081660,GB,Nathaniel.Cronin6@yahoo.com
y0f1d,Von,M,057315001394,BA,Carlos_Von@gmail.com
eyv9h,Johns,M,070373772792,KG,Delphine.Johns36@hotmail.com
cz0jr,Beatty,F,004138629879,AS,Amely.Beatty26@yahoo.com
7k7hc,O'Keefe,M,058506822552,FI,Albertha_OKeefe@hotmail.com
cmbk2,Heller,F,089321734554,ZM,Albert83@yahoo.com
vnybh,O'Hara,F,027656992461,BB,Araceli_OHara84@yahoo.com
lenn6,Hermiston,F,030588053736,PT,Danika_Hermiston16@hotmail.com
at8ql,Kilback,F,017030139106,UA,Andreane.Kilback@yahoo.com
rkwaj,Borer,F,024271387180,RU,Barton46@hotmail.com
e1ars,Grimes,M,006851028624,NR,Sterling28@hotmail.com
9nd3i,Denesik,F,082995712139,BI,Jerrell96@gmail.com
sewij,Mayer,F,002457361695,UM,Jaquelin.Mayer82@yahoo.com
2wv8g,Schultz,M,095936722999,GP,Kristy_Schultz@gmail.com
o2h20,Kertzmann,M,091000513690,TW,Gerard.Kertzmann7@gmail.com
9skaf,Fisher,M,056242170678,MN,Vanessa67@yahoo.com
sd8um,Pfeffer,M,027259254282,GB,Hollie59@yahoo.com
diw4k,Stiedemann,F,091025199337,GY,Frank.Stiedemann@gmail.com
c4gdy,Steuber,M,097331966158,CH,Josie_Steuber@hotmail.com
i7hep,Larson,F,022522448841,NE,Brody_Larson@hotmail.com
lf3gn,Jenkins,F,029033644989,SO,Silas85@yahoo.com
ker4l,Roberts,M,052870826121,GM,Velma.Roberts7@hotmail.com
0ud00,Sauer,F,092467261048,KW,Richie_Sauer90@yahoo.com
614xu,Leffler,M,006948534810,LI,Sonya55@hotmail.com
l9wza,Jones,M,078562599756,JM,Ima27@hotmail.com
yk5qj,O'Reilly,M,064866308106,RE,Ottis52@hotmail.com
d0cup,Rempel,F,095696835411,GB,Vaughn_Rempel@gmail.com
anjac,Ziemann,M,016300895903,NL,Nora_Ziemann@yahoo.com
w77xv,Wiza,M,092635141068,NP,Rhianna.Wiza30@hotmail.com
l5gg0,Rutherford,F,018331455451,BI,Berenice.Rutherford12@hotmail.com
nfk6b,Gerhold,M,091088333467,AS,Tiana.Gerhold@hotmail.com
tgfpj,Howell,F,019163111284,MK,Jennyfer.Howell@gmail.com
xat0j,Oberbrunner,M,063737894068,JM,Maxine.Oberbrunner@gmail.com
xhosi,Nitzsche,M,007688642866,TN,Lilian_Nitzsche17@hotmail.com
0lvcn,Johnson,F,071100060211,ST,Clement.Johnson@gmail.com
5vkd1,Frami,M,048361480586,AM,Emmie_Frami2@hotmail.com
9o7fz,Cassin,M,045106030322,ER,Muhammad44@yahoo.com
nbwal,Upton,M,046340090474,SV,Shanny.Upton62@hotmail.com
uo7m0,Beatty,M,032539152910,FO,Furman1@hotmail.com
htkw8,Gutkowski,M,013199202440,MQ,Caden_Gutkowski45@gmail.com
i25v6,Satterfield,M,020884156070,HT,Audie23@gmail.com
neyj3,Hane,M,095947503507,LB,Kenyon.Hane46@hotmail.com
z92gu,Torphy,M,080654954007,LA,Pasquale77@gmail.com
tb97y,Terry,F,020413645698,GL,Tyree2@gmail.com
n33js,Wintheiser,F,080339116743,BD,Darlene_Wintheiser@hotmail.com
qs447,Hudson,M,094310605143,AG,Stanton5@gmail.com
6b0od,Herman,F,074513074388,ET,Taylor.Herman38@gmail.com
xqs3j,Lindgren,M,073326623921,KZ,Liza_Lindgren@gmail.com
plke2,Hahn,F,047365831855,CN,Alejandra.Hahn@hotmail.com
xzo8y,Greenfelder,M,037895016341,SV,Oran_Greenfelder74@yahoo.com
irflf,Wisoky,M,012896276447,AF,Shyann_Wisoky18@hotmail.com
oun7s,Bartell,F,005266112478,GG,Bridie_Bartell51@yahoo.com
8xj50,Veum,F,040589289765,LC,Edwin_Veum@yahoo.com
z02uh,Bogan,F,094778745248,HN,Antoinette16@yahoo.com
jjfl0,Rodriguez,F,027792782952,NZ,Tracy41@yahoo.com
py89c,Haley,F,012568954849,KZ,Rosina_Haley50@hotmail.com
len89,Sauer,F,009256658526,IL,Emilia96@gmail.com
xz9gb,Ziemann,M,052034650843,MC,Evert92@hotmail.com
y9ubc,Hahn,M,070925595394,NG,Cyril.Hahn@gmail.com
zvxx1,Gaylord,F,064498424378,SG,Tyrel_Gaylord73@yahoo.com
x6fe7,Yost,M,058542500471,SA,Elsa85@hotmail.com
dz6y2,Carroll,F,021353259781,AR,Ottis_Carroll55@hotmail.com
24bul,Schmeler,M,052680985583,CX,Javier32@gmail.com
dd0vf,Murphy,F,085138006891,CM,Jayson_Murphy45@yahoo.com
mhudx,Reinger,F,001703091734,RO,Scot38@gmail.com
xinth,Osinski,F,022547558950,HN,Palma94@hotmail.com
17430,Hintz,M,008262654676,GN,Zachary_Hintz76@yahoo.com
w1lsx,Lind,M,076553181557,PE,Nicholas_Lind64@gmail.com
tsds1,Monahan,M,073776558070,NC,Maggie_Monahan55@hotmail.com
z7wqt,Turner,F,016341783078,DE,Raegan.Turner49@gmail.com
gh66x,Mosciski,F,026036604668,GY,Zion_Mosciski30@yahoo.com
hitnl,Abernathy,F,008044332906,RU,Catharine_Abernathy@gmail.com
vkwj6,Bartoletti,M,038909988214,FO,Issac.Bartoletti49@gmail.com
sfp2c,O'Connell,M,033187137627,CD,Hermann_OConnell@gmail.com
yyo4k,Hermann,F,008835072178,LI,August.Hermann19@hotmail.com
pcyab,Murray,M,033855442986,UM,Vicky55@gmail.com
k5e95,Krajcik,F,066664235220,HN,Judson.Krajcik@gmail.com
i2600,Borer,M,063095594383,KP,Leila15@hotmail.com
w5f02,Kilback,F,014721839325,TD,Flavie_Kilback77@hotmail.com
tchaq,Jaskolski,M,003344719993,MW,Lawson61@yahoo.com
krae2,Brakus,F,007726146597,VU,Dudley.Brakus@hotmail.com
878t5,Reichert,F,048291285217,VU,Philip_Reichert@hotmail.com
tln9z,Heidenreich,F,057684905879,SJ,Burdette.Heidenreich@gmail.com
3p5xv,Moore,F,047525942841,BT,Jacques_Moore41@hotmail.com
3xsvj,Gottlieb,F,070254072881,CI,Asia_Gottlieb@yahoo.com
hnjtr,Bechtelar,F,066832224732,MH,Bartholome7@gmail.com
ybnsb,Harber,M,007789341621,TJ,London.Harber66@gmail.com
el7io,O'Hara,F,059801417833,BB,Dixie94@yahoo.com
6adsn,Emmerich,F,071819170611,PW,Jacynthe.Emmerich@hotmail.com
e3orr,Quitzon,M,034462054043,BJ,Zion_Quitzon55@gmail.com
87l4r,Walker,F,014547744619,ER,Mireille_Walker@yahoo.com
1vhom,Herman,M,057297807690,DZ,Kiara.Herman51@hotmail.com
nmoz4,Dibbert,F,081813162924,FR,Taryn_Dibbert3@hotmail.com
1r76l,Goldner,M,028257587429,CX,Jordyn.Goldner@yahoo.com
ofxwb,McDermott,M,006987313628,NG,Herminia_McDermott42@gmail.com
ueext,Watsica,F,047207154011,KP,Jack34@hotmail.com
loslp,Walter,F,048564796361,TZ,Judd86@yahoo.com
56358,Ziemann,M,086905726381,TG,Olaf_Ziemann93@hotmail.com
inkml,Spinka,F,009949638801,SO,Cecelia69@yahoo.com
8v3a9,Prohaska,F,067110170750,HT,Sabrina_Prohaska86@yahoo.com
lddby,Gutmann,M,049054287011,NU,Jade_Gutmann1@gmail.com
8fvp5,Moore,M,023861951952,PW,Libbie_Moore@hotmail.com
fpjs1,Hammes,F,053154082989,CF,Shea6@gmail.com
gwh1c,Wisozk,F,090741232630,SL,Brandi.Wisozk@yahoo.com
3m0js,Homenick,F,090955666724,KE,Gianni6@yahoo.com
qxxdw,Medhurst,M,055001298066,MW,Jasmin96@hotmail.com
35to7,Runolfsdottir,M,038780751177,SL,Dedrick.Runolfsdottir@gmail.com
aa5jw,Mertz,F,087039314715,GW,Ivy28@gmail.com
71vq9,Wuckert,F,065965907457,RO,Drake58@hotmail.com
7fnr6,Altenwerth,F,024938795043,BT,Donna81@hotmail.com
czoxp,Morissette,M,042092246332,ID,Delmer.Morissette@hotmail.com
4vag2,Koss,F,086807984044,SG,Alexa6@hotmail.com
7xxp7,Beatty,F,043105545462,SZ,Harry_Beatty@hotmail.com
n0vvf,Emmerich,M,025209629017,HU,Amya87@yahoo.com
pdyj4,Wunsch,M,080511991387,DE,Kaci.Wunsch50@gmail.com
5clfm,Collier,F,045026439773,CY,Luisa80@gmail.com
z4hwv,Oberbrunner,M,082317111118,QA,Benedict.Oberbrunner94@yahoo.com
yvn04,Howe,F,062315716493,DO,Hailee58@hotmail.com
3ulaa,Cole,M,065348151885,FJ,Dion.Cole32@yahoo.com
qhi4c,Schneider,M,059891889348,EE,Amani.Schneider@yahoo.com
9rgub,Jaskolski,F,038713055734,TF,Demarco_Jaskolski22@yahoo.com
j9acm,Gulgowski,M,066398389595,AD,Ilene.Gulgowski71@gmail.com
4gdf5,Gerlach,F,044045461085,CU,Kavon46@yahoo.com
50gax,Jones,M,069136209899,MM,Emmett29@gmail.com
4jcv5,Gutmann,F,096721718153,AD,Claude.Gutmann@hotmail.com
u7aqp,Rippin,F,039790751215,KN,Edwin.Rippin@gmail.com
go18t,Fahey,F,000891089519,KR,Eladio.Fahey@hotmail.com
67mpb,Haley,M,092054806681,CY,Donny.Haley40@yahoo.com
48zv6,Goodwin,M,005003145456,BD,Brooklyn.Goodwin17@gmail.com
ymg9b,Erdman,F,000279893989,LY,Jadon.Erdman@hotmail.com
obk6m,Pollich,M,080198742951,AW,Destini_Pollich38@yahoo.com
zr247,Collier,F,096223482757,HR,Garrett49@yahoo.com
mg1vl,Boyer,M,043642622862,PS,Hailey85@yahoo.com
4ijwa,Schinner,F,095178416870,IQ,Princess34@yahoo.com
cmggx,Schumm,F,099265689400,BS,Dariana_Schumm@hotmail.com
mp0vu,Rau,F,057752246705,EG,Jaqueline_Rau@yahoo.com
6j9yt,Kemmer,F,091354573264,RS,Gladys.Kemmer84@gmail.com
zqmsj,Kunze,F,005935281307,AL,Clinton_Kunze@yahoo.com
ud8w5,Reynolds,M,061720068382,GA,Maryjane4@gmail.com
csqg0,Schultz,M,036437021773,GY,Esmeralda_Schultz21@yahoo.com
dgykw,Deckow,F,058086729167,CO,Freddy_Deckow58@gmail.com
xte4d,Carroll,M,049395619123,BG,Cheyenne_Carroll45@gmail.com
o3el5,Jacobs,F,001571632809,SX,Deanna93@yahoo.com
hzkrz,Ortiz,M,065767941130,TF,Kavon94@gmail.com
lxl9q,Sawayn,M,075089412332,GH,Phoebe_Sawayn74@yahoo.com
1zuf7,Johnson,F,025654495514,GI,Itzel31@yahoo.com
dddzd,Zboncak,F,034752815364,TV,Makayla_Zboncak58@hotmail.com
tdilf,Dickinson,M,049842058906,GQ,Nelson62@hotmail.com
d8wvi,Rogahn,F,048609610134,GG,Kenya.Rogahn69@gmail.com
bd5zg,Ziemann,F,092750779352,FR,Zora18@gmail.com
s62f7,Gorczany,F,023493970916,NF,Otilia.Gorczany@hotmail.com
3sdk2,Stark,M,078059308753,NZ,Margarett_Stark@yahoo.com
xw5fb,Stamm,M,033798238135,PT,Jeff_Stamm@gmail.com
r1665,Conn,F,024121600748,KH,Lola_Conn63@yahoo.com
1buyy,Larson,F,003527964076,AT,Everette19@gmail.com
f58ou,Yundt,F,052852284257,PM,Haleigh.Yundt8@gmail.com
tidmk,Kohler,F,023537940557,AR,Dedrick_Kohler87@yahoo.com
52cga,Treutel,M,009429725216,CN,Graham_Treutel@hotmail.com
x1tx6,Cole,M,035041462271,SC,Devan28@gmail.com
1ri4o,Kuphal,F,021302480336,ZW,Prince.Kuphal@yahoo.com
t7zz6,Murazik,F,025337513578,CI,Elian_Murazik19@yahoo.com
6yv7o,Gutkowski,M,056046978032,IQ,Americo51@hotmail.com
qftg1,Heller,F,060817356831,JM,Shaina55@yahoo.com
5u8cp,Welch,F,039897997101,CW,Lillie35@gmail.com
oxaa3,Kessler,F,083427383656,GU,Charity_Kessler@yahoo.com
i0w1u,Quigley,F,017039892026,FK,Lindsay10@hotmail.com
6lcn0,Beahan,M,063170425326,LC,Oma.Beahan24@hotmail.com
ajs3x,Dooley,F,019379136527,BD,Aida.Dooley17@gmail.com
9bhut,Carroll,F,017145036762,SJ,Oscar44@hotmail.com
m7kos,Treutel,F,056829863859,CL,Kellie_Treutel@hotmail.com
e7jz4,Wiegand,F,042883475907,AO,Duane.Wiegand15@yahoo.com
fg2tf,Wilderman,M,091178522002,SE,Waino.Wilderman79@gmail.com
fas8q,Daniel,M,024279749267,LI,Marisa_Daniel@hotmail.com
kek4c,Hansen,F,041292003110,NC,Cassandra85@gmail.com
noud4,Morar,F,076607796243,NA,Miles.Morar17@hotmail.com
uznwv,Leannon,F,070164304379,GN,Weston.Leannon68@yahoo.com
k0zrb,McCullough,M,000327209204,CG,Cassidy21@gmail.com
5lm7e,Crist,F,036483474082,HR,Jude10@yahoo.com
spukb,Abbott,M,093363872579,KP,Aliza.Abbott@gmail.com
ilwcq,Lemke,F,063357571814,SE,Adolph58@gmail.com
mhl7o,Bradtke,F,088750049337,LA,Waylon43@yahoo.com
okl16,Hettinger,M,063704058139,GG,Pablo_Hettinger91@hotmail.com
skz9x,Cassin,M,049262481756,IQ,Jaylon61@yahoo.com
byvr2,Bernhard,M,019993119219,RE,Lilla89@hotmail.com
tc9nn,Casper,F,000149501767,PT,Braeden_Casper42@yahoo.com
z6wog,Marvin,M,082534631873,CM,Baron_Marvin17@gmail.com
afjd0,Miller,F,068085144509,EE,Raymond93@yahoo.com
vdvzk,Bogan,F,003744423654,VE,Meredith_Bogan23@gmail.com
7utcy,Boyle,M,055767440042,FJ,Edwardo97@gmail.com
xj79q,Boyer,M,055314027495,BM,Darius_Boyer19@gmail.com
our5j,Thiel,M,026587060633,HR,Tressie_Thiel@gmail.com
kbele,Harber,F,027150014486,KI,Moises41@yahoo.com
aabge,Dietrich,M,098801581241,FJ,Lacey_Dietrich89@yahoo.com
j5jec,Jacobi,F,099848543968,BY,Tressa_Jacobi53@hotmail.com
ule29,Monahan,M,026588506784,LC,Wanda80@gmail.com
bj4g8,Stamm,F,011128533348,PL,Pat50@yahoo.com
4qjsd,Rau,F,032820569131,CA,Manley87@hotmail.com
n8p1p,Franecki,F,096871576856,JM,Winston.Franecki@gmail.com
qzrtv,Aufderhar,M,016734309360,AM,Miller30@gmail.com
ger26,Langosh,M,015754411789,SH,Travis_Langosh@hotmail.com
cz92j,Kozey,M,056168283999,KY,Mathias_Kozey69@hotmail.com
clxv0,Padberg,M,041516640357,TG,Gage.Padberg@gmail.com
5jep6,Hessel,F,094165246800,TL,Richmond_Hessel86@yahoo.com
1p3bl,Connelly,M,022465196083,TH,Jazmyne.Connelly@gmail.com
e2kd8,Kutch,F,016219081317,HR,Curtis.Kutch@hotmail.com
xmo34,O'Kon,M,069200133950,BB,Heather.OKon11@hotmail.com
pnhco,Runolfsson,F,007563898324,BF,Deshaun8@gmail.com
wbnfk,Breitenberg,M,086263251246,RU,Richard33@gmail.com
8ca9g,Lebsack,F,041568053197,CX,Felix.Lebsack73@gmail.com
rki7g,Hyatt,F,062697914991,CU,Mya.Hyatt40@yahoo.com
th5r4,Shields,F,092954362246,BI,Stephany.Shields20@gmail.com
ea19t,Wunsch,F,069291530472,VI,Jacynthe53@hotmail.com
s5r41,Feil,M,039683904970,GL,Eugene69@gmail.com
oja54,Beahan,M,061939901910,VA,Tyrique_Beahan@hotmail.com
svg7j,Tremblay,F,057111825214,IO,Paris_Tremblay28@hotmail.com
lx585,Kerluke,M,010108299778,CY,Ricky30@gmail.com
kjgay,Abshire,F,074823908527,PN,Alaina.Abshire@hotmail.com
4wa8h,Mills,M,086428568783,AU,Alejandra17@gmail.com
oi9n1,Koelpin,M,058962804869,GE,Gerry_Koelpin@gmail.com
lixsh,Conn,M,039635138741,PA,Elvera72@gmail.com
vh7ym,West,F,087638663186,CU,Jason.West56@yahoo.com
y9xc9,Leannon,F,011334887843,GQ,Lisandro27@yahoo.com
s43rs,Kris,F,048084128014,PK,Thad82@gmail.com
4ikki,McCullough,M,069712541253,GQ,Gia.McCullough96@gmail.com
stlaz,Cole,M,061975946850,PS,Madelyn.Cole@gmail.com
3jitw,Glover,M,048938411768,TC,Deion78@gmail.com
inmgr,Corwin,M,039391882528,SM,Carlo1@gmail.com
iwa3a,Weber,M,099018865882,GD,Walter.Weber@yahoo.com
tryig,Rempel,F,026894192214,BH,Magali.Rempel63@gmail.com
5184y,Schaden,F,009097106857,AO,Albina.Schaden18@yahoo.com
ebgz7,O'Conner,M,076603726333,KM,Dennis_OConner@yahoo.com
5vuji,Kutch,F,019416859495,EG,Beau.Kutch@yahoo.com
plv86,O'Kon,F,069550003632,PS,Vaughn.OKon83@hotmail.com
ptrcx,Lindgren,F,050710678741,JO,Ezekiel_Lindgren5@hotmail.com
9yad9,Parisian,F,031288705529,MX,Rodger.Parisian85@yahoo.com
1vr7a,Ledner,F,054603841935,KY,Helen.Ledner@hotmail.com
gvscv,Hansen,M,020195286164,BR,Joyce71@yahoo.com
6ybjt,Mosciski,F,013804582578,UM,Jacky.Mosciski36@hotmail.com
czctd,Nicolas,M,042557516321,GS,Abby31@gmail.com
lvnwg,Ullrich,F,036948274062,PF,Shaniya48@gmail.com
ybf8o,Nolan,F,082326487411,PR,Patricia_Nolan@yahoo.com
x0ofy,Schaden,F,054218347186,FK,Kurtis.Schaden@gmail.com
2uxii,Smith,M,028362619124,AQ,Josianne.Smith@gmail.com
rotn2,Lemke,F,057201330243,MR,Napoleon_Lemke86@yahoo.com
weac7,Stoltenberg,M,034285171932,TF,Osvaldo.Stoltenberg42@yahoo.com
p2p49,Ward,M,050886456098,TL,Lue89@yahoo.com
fkx4r,Murphy,M,037378766406,SB,Osbaldo_Murphy@hotmail.com
vifgv,Huel,F,024406815643,IS,Leopold.Huel32@yahoo.com
cu6yb,Mayert,F,080780416257,PS,Aracely_Mayert48@hotmail.com
oailj,Ledner,F,076616731648,CY,Eldred_Ledner15@yahoo.com
xqmf3,Reinger,F,029602285901,MZ,Sadie.Reinger22@hotmail.com
chriq,Brekke,F,015759054348,UG,Pasquale54@yahoo.com
8iqrz,Altenwerth,M,026064527701,MT,Vivienne.Altenwerth41@yahoo.com
skqnp,Walker,M,042225335150,TM,Reyes20@gmail.com
lnm4s,Schmitt,F,010339837956,NR,Otha.Schmitt47@gmail.com
3alko,Rohan,F,083414370566,GM,Alysha77@yahoo.com
eolex,Ratke,F,061430680943,MF,Dexter79@gmail.com
9g04n,Kuvalis,F,087199117047,TN,Nikita_Kuvalis52@gmail.com
o440u,Welch,M,098778047025,VN,Arlo.Welch59@yahoo.com
kg4vy,Crona,M,025041869791,CL,Kianna32@hotmail.com
prnd0,Lynch,M,028480666301,GP,Nella.Lynch@gmail.com
1ya3r,Gerlach,M,034770869192,CR,Gilberto.Gerlach3@hotmail.com
ixvpl,Carter,M,035253794335,SO,Theodora_Carter43@yahoo.com
w5lnl,Jacobi,M,071978685790,FJ,Gia41@yahoo.com
eee1p,Rempel,F,087141771721,VG,Zachary_Rempel54@gmail.com
c1w89,Hessel,M,088870367169,DK,Vida.Hessel57@hotmail.com
hjhxm,Johns,M,018281228318,ME,Antonio_Johns74@yahoo.com
ix5w4,Anderson,F,035969558024,AO,Reid.Anderson80@hotmail.com
kbna4,Keebler,F,030943196652,CF,Harmon.Keebler24@gmail.com
jtnoo,Considine,F,040118142271,AO,Jovanny.Considine@yahoo.com
r5s7b,Tillman,F,037334303830,BO,Aaliyah52@gmail.com
pv2qr,Yost,M,019005656246,GU,Verdie_Yost30@yahoo.com
iv9ng,Will,M,043684914103,PA,Annamarie60@gmail.com
8oja2,Thompson,M,085666033193,IE,Liana.Thompson59@yahoo.com
8g38p,Mitchell,F,043668745828,WF,Joaquin.Mitchell5@yahoo.com
8jrt9,Cronin,F,031507164087,TK,Sadie_Cronin24@gmail.com
6dsd5,Nienow,F,028081859230,SB,Imani29@hotmail.com
vnw46,Wisozk,F,079150498633,CA,Hulda25@yahoo.com
6f8xm,Towne,F,068096989835,JO,Freddie.Towne@gmail.com
73hx4,Veum,F,060748192643,AS,Leonel87@gmail.com
6gpzg,Kutch,M,071637196800,TH,Belle.Kutch@gmail.com
3mpkc,Douglas,F,012838993390,BI,Vladimir_Douglas76@gmail.com
uwi0k,Fay,M,093138647310,AM,Sonya3@yahoo.com
cagdu,Hane,M,079548337435,AZ,Maxie.Hane@hotmail.com
1g7rm,Schimmel,M,005094521487,NC,Geovanni_Schimmel@gmail.com
ewexi,Boyer,F,050749008903,PF,Brennon.Boyer@gmail.com
6nnlo,Tremblay,F,004422216598,TT,Billie_Tremblay44@gmail.com
qsle5,Powlowski,F,042571470023,JE,Florencio_Powlowski89@hotmail.com
9vs17,Langworth,M,073472141008,AD,Omari.Langworth61@hotmail.com
do4pf,Hettinger,M,093803182212,IQ,Breanna98@hotmail.com
xt7lb,Hilll,F,048609583242,AX,Augustus78@hotmail.com
h0amj,Stoltenberg,M,053300889231,TW,Candace_Stoltenberg@gmail.com
av8mf,Crooks,F,092980951817,TN,Patricia_Crooks@gmail.com
gxzy4,Walker,M,074769497585,NL,Idella98@hotmail.com
gid94,Kunde,F,008333617294,JO,Eudora_Kunde35@yahoo.com
j7ynl,Bartoletti,F,021511684856,UZ,Jovany86@hotmail.com
iw5mw,Parisian,M,081307646268,BF,Kaylah46@yahoo.com
xwj8j,Jacobi,M,093272785870,GL,Lori53@yahoo.com
8yel5,Abernathy,M,023139020031,ZW,Ted_Abernathy@hotmail.com
813od,Mills,F,020555936229,CL,Lynn.Mills50@gmail.com
7snao,Pfeffer,M,095804539284,LI,Maverick_Pfeffer0@hotmail.com
b1rsq,Langworth,F,098738302436,ZW,Marcus_Langworth24@yahoo.com
wfku0,Lind,M,041374570075,DZ,Grayce_Lind@hotmail.com
pfgcf,Pacocha,M,059591825990,ZA,Jessy_Pacocha65@yahoo.com
k5wvj,Sawayn,F,075134405198,CD,Margot34@hotmail.com
7tcth,Schmidt,F,013617692493,PE,Anissa49@gmail.com
a661u,Yundt,M,064681588901,GI,Jorge.Yundt78@gmail.com
cn3db,Swift,M,038101398767,BV,Verna.Swift@hotmail.com
e6g44,Breitenberg,M,005416323035,AT,Nikolas_Breitenberg41@hotmail.com
kanxk,Boyer,F,081944796673,JM,Santina.Boyer50@gmail.com
ltkf6,Corkery,M,094159380247,CC,Asha24@hotmail.com
2omzg,Hayes,M,092693939163,VE,Sam.Hayes37@yahoo.com
ccqee,Aufderhar,F,075771759995,VN,Elmore_Aufderhar17@yahoo.com
tkoky,Wintheiser,F,011860297047,KY,Carleton.Wintheiser11@hotmail.com
qz1ib,Nikolaus,M,065398682821,TG,Esteban_Nikolaus77@gmail.com
dkboa,Hoppe,M,099002903346,BY,Francesca.Hoppe@hotmail.com
gp7ww,Treutel,F,061410500087,CC,Damien56@yahoo.com
ciy1r,Jakubowski,F,064739804644,CX,Wanda_Jakubowski76@hotmail.com
yk57y,Auer,F,026295298826,MM,Eryn87@yahoo.com
0fmwi,Hudson,M,060374843349,BN,Nellie.Hudson@gmail.com
kgcej,Muller,F,009434205897,WF,Chester_Muller@gmail.com
d377k,Hamill,F,066919019928,TG,Rolando_Hamill53@hotmail.com
ozhet,Schaden,M,042477925688,CC,Kurt_Schaden5@yahoo.com
bpcgb,Prosacco,F,075672627336,GY,Winston21@gmail.com
0w8bw,Koelpin,F,021405313675,BL,Addie.Koelpin11@hotmail.com
xqe9m,Spencer,F,034297604112,IQ,Lolita_Spencer@yahoo.com
3ahy6,Bernhard,M,031103256711,DE,Akeem_Bernhard@yahoo.com
zqvyi,Leannon,M,095439664314,CR,Omari_Leannon37@hotmail.com
3374k,Osinski,M,090611281684,CN,Missouri_Osinski72@gmail.com
kjcdn,Greenfelder,M,057231606252,LA,Corrine_Greenfelder@hotmail.com
w0fyf,Pacocha,M,007512881567,MQ,Mallory_Pacocha68@gmail.com
2huqr,Heaney,F,001913882571,US,Durward17@gmail.com
bza9g,Champlin,M,056214629645,FR,Avery12@gmail.com
s8iwi,Smitham,F,081783209540,PW,Colleen_Smitham@gmail.com
65e0c,Hermiston,F,039700189807,DM,Lacey49@yahoo.com
iqbje,Leffler,F,090181772132,PA,Keyshawn27@hotmail.com
bic26,Olson,M,066805057137,HK,Joaquin_Olson@hotmail.com
2phqd,Grant,F,048292852931,YE,Armand_Grant@yahoo.com
um5x2,Bins,M,021433153427,KH,Louisa18@hotmail.com
rqp2n,Kohler,F,003778737285,MR,Emerson_Kohler85@hotmail.com
837o7,Kuhic,M,095313834697,PS,Francesca36@gmail.com
t8jo2,Heller,F,065312667184,PL,Green.Heller35@gmail.com
mbtgz,Kautzer,M,066399201889,BD,Karlie_Kautzer87@yahoo.com
d4o23,Herzog,M,005376346829,FR,Josiah.Herzog57@gmail.com
tiybn,Gleason,M,086097173619,GQ,Tyrel_Gleason14@hotmail.com
26mha,Kilback,F,035641819689,NI,Zachery_Kilback@hotmail.com
rfqsz,Gleason,F,005571937218,GR,Garrison.Gleason@hotmail.com
pm446,Wiza,F,001969180116,GA,Millie76@hotmail.com
ik2db,Reinger,M,072293274886,TV,Lenora78@gmail.com
k29su,Senger,M,063959127484,RS,Kasey90@yahoo.com
bhzh1,Hettinger,F,075938282991,TR,Rosario_Hettinger75@gmail.com
votk2,Wisozk,F,077396244447,GD,Eliza48@gmail.com
kb0mx,Gutmann,M,090470373656,MH,Chauncey.Gutmann2@yahoo.com
1q1t5,Raynor,M,095142359030,LA,Candace.Raynor42@yahoo.com
flzrp,Rippin,F,022494892429,AZ,Nicholaus_Rippin78@hotmail.com
5rb70,Emmerich,F,009646087141,NL,Keely_Emmerich@yahoo.com
ukp3c,Rempel,M,077731116105,KW,Laury_Rempel@hotmail.com
mjbzb,Feil,F,074064779846,SD,Eula91@gmail.com
xbr86,Carter,M,010699235858,DJ,Johathan_Carter11@gmail.com
tz33d,Grimes,M,059577484929,SI,Kassandra.Grimes@hotmail.com
iusiq,Lehner,M,070282819269,SR,Pink81@yahoo.com
cblg4,Stokes,F,011330643670,CN,Rahsaan_Stokes@hotmail.com
vvr7x,Corwin,M,094188500821,CL,Maryse.Corwin@hotmail.com
xhxco,Dickens,M,030088705307,GY,Letha57@gmail.com
w8nvd,Quitzon,F,071137352320,MW,Esperanza_Quitzon24@gmail.com
mqcqm,Bergstrom,F,095103367041,CV,Madelynn.Bergstrom@gmail.com
dz447,Bartell,M,079401193624,CA,Keira_Bartell87@hotmail.com
iwier,Doyle,M,055433096087,CR,Joyce.Doyle@gmail.com
bbxk7,MacGyver,F,024830829668,PG,Neoma_MacGyver8@hotmail.com
6x3m0,Hartmann,F,006079234630,BF,Broderick.Hartmann47@hotmail.com
xwk3y,Runolfsson,F,026586012181,LS,Vesta_Runolfsson30@hotmail.com
mo6po,Barton,F,088843209836,UA,Peggie_Barton4@yahoo.com
aixpc,Yost,F,057766515542,FM,Alan.Yost@gmail.com
prg6r,Osinski,F,044253951877,ZM,Jane67@gmail.com
wflui,Schulist,F,075013209506,CA,Celine.Schulist98@yahoo.com
abnmx,Quigley,F,046278472297,ML,Faye31@yahoo.com
0i6ky,Dibbert,M,035211707810,KR,Demario_Dibbert30@gmail.com
lsvs2,Borer,F,098426643339,CN,Makenna67@gmail.com
96vx6,Cummerata,F,012625763775,ST,Priscilla.Cummerata@hotmail.com
t15ps,Harvey,M,095048642298,PM,Sydnie85@gmail.com
t7uas,Howe,F,087932711339,TJ,Gust_Howe91@yahoo.com
jhdxy,Metz,M,055687238539,DO,Ethelyn.Metz85@hotmail.com
tollf,Dietrich,F,001167038273,NA,Sofia.Dietrich@hotmail.com
sx6if,Kilback,F,052822211787,WS,Guido55@yahoo.com
5f3j2,Volkman,F,093212646059,IQ,Hector17@hotmail.com
bfuoe,Nolan,F,081175519876,TF,Zane_Nolan@yahoo.com
yy8p6,Ledner,F,048339477510,VA,Ervin_Ledner74@hotmail.com
gv45i,Lind,F,024825454950,BM,Emilie.Lind56@hotmail.com
50ske,Anderson,F,072175396741,UG,Haley14@hotmail.com
w7y7y,Langworth,F,046513708331,BM,Reva_Langworth15@gmail.com
gonxf,Batz,F,062401589838,NU,Reginald_Batz@gmail.com
2tdg3,Larson,M,030908666187,ZM,Jamel.Larson1@yahoo.com
6cu4d,Gaylord,F,094848487219,FR,Grover76@hotmail.com
3reu3,Conroy,F,082328992673,AS,Richard.Conroy@hotmail.com
snxgo,Weimann,M,004921283729,BH,Clair80@hotmail.com
0i4fz,Turner,M,045175857964,BY,Edison6@gmail.com
5vrcy,Hettinger,M,067518439988,PS,Bertha10@gmail.com
joblo,Mann,M,027967746213,MM,Dale46@yahoo.com
3t3hw,Hahn,F,028066926704,VU,Jana19@gmail.com
qwr4j,Schultz,M,099047929093,BW,Nedra.Schultz85@yahoo.com
5d6gc,Okuneva,M,008414169340,EH,Crawford25@hotmail.com
ngdkw,Wehner,M,096776761543,TL,Giuseppe.Wehner76@yahoo.com
iakqs,Dach,F,095609845008,NA,Lonie60@gmail.com
al2i3,Miller,M,026314285867,DM,Bernadette.Miller32@gmail.com
yyuoy,Boehm,F,027130595208,AI,Baylee48@gmail.com
qx4ok,Bailey,M,013174635638,AW,Candace_Bailey@yahoo.com
1nkws,Batz,M,030540477897,CV,Zachery_Batz@yahoo.com
myd58,Moore,F,048872083245,RS,Frederik.Moore@gmail.com
rop0n,Emard,F,076998940055,GS,Nigel_Emard@gmail.com
6a10u,Grady,F,049531100677,UA,Christopher_Grady@gmail.com
mwit1,Kunze,F,068294122959,NO,Palma76@gmail.com
ahgk1,Oberbrunner,M,053824296242,VG,Cecil_Oberbrunner@hotmail.com
q86me,Tillman,F,086120804518,JP,Katrine_Tillman29@hotmail.com
i6os0,Walter,M,066559430360,CZ,Carley_Walter17@gmail.com
obpbx,Leuschke,F,086464987004,NC,Nicklaus29@gmail.com
mri2g,McKenzie,M,024546929529,SN,Matilde.McKenzie@gmail.com
5d1gj,O'Connell,M,019448284669,RU,Lucinda84@gmail.com
5gc3g,Mante,F,051774366193,CI,Larue_Mante14@hotmail.com
mebqh,Ferry,F,011310167036,TJ,Keaton.Ferry@hotmail.com
27b0n,McGlynn,F,066846315226,ZW,Ervin.McGlynn@yahoo.com
lc1lo,Predovic,F,026467928441,AT,Geoffrey.Predovic@gmail.com
q4kk5,Schaden,F,044922429061,RU,Savanah94@yahoo.com
2d0dz,Simonis,M,000582918398,HU,Gerald.Simonis@hotmail.com
ljq5e,Kub,F,000273576425,CR,Gregorio.Kub58@yahoo.com
7z0k1,Hodkiewicz,M,036292088090,MO,Garfield_Hodkiewicz@gmail.com
psozg,Crist,F,024590036745,TL,Russell.Crist@hotmail.com
d3vf8,Prosacco,M,098097765186,FK,Arlene_Prosacco68@gmail.com
ts2er,Wiegand,F,051676230287,DZ,Madie.Wiegand5@hotmail.com
29iqv,Deckow,M,040767501267,KM,Elva.Deckow79@yahoo.com
7x2zu,Lubowitz,M,097676956880,MD,Carlie.Lubowitz28@gmail.com
cm1kj,Gleason,M,016886195718,PN,Loyal.Gleason@yahoo.com
slpgh,Maggio,M,058835998900,CW,Minerva_Maggio56@hotmail.com
p4emx,Lubowitz,M,003288039962,MX,Laury6@gmail.com
ru1qs,Huel,F,038271390657,AM,Rowena_Huel5@yahoo.com
t2urj,Rohan,M,057970466844,ML,Gerry32@hotmail.com
7jt8h,Gottlieb,M,071706496902,BZ,Kiara27@yahoo.com
pke8k,Fisher,F,013808476907,DM,Andy.Fisher70@gmail.com
v8797,Cassin,M,017488980020,SK,Brenda.Cassin52@hotmail.com
ugp89,Romaguera,M,043888357262,RO,Noe85@gmail.com
w7e23,Nolan,F,016040477104,PL,Rene_Nolan@yahoo.com
3iiup,Kub,M,067466175479,GW,Giovanna_Kub86@gmail.com
7and4,Terry,F,044079587649,GU,Rowan15@gmail.com
p59dl,Kuvalis,F,032488444568,IO,Sammie_Kuvalis@gmail.com
8tdtm,Kreiger,F,039493828835,IO,Mackenzie.Kreiger11@yahoo.com
do8fs,Zemlak,M,033606200556,PN,Schuyler_Zemlak51@yahoo.com
kg7vy,Langosh,F,014059182548,SN,Allene_Langosh@yahoo.com
612o7,Heidenreich,F,061556076619,BO,Jaquelin.Heidenreich@hotmail.com
llisp,Glover,F,006245162872,CK,Haylie.Glover@yahoo.com
j048q,Blick,M,080336989054,CA,Arlo23@yahoo.com
cknlt,Berge,F,087227106610,MV,Fritz.Berge@gmail.com
e94tu,Schiller,F,043080978639,FO,Zackary.Schiller@gmail.com
67krt,Mertz,F,056414089061,HT,Maribel16@gmail.com
u6jgb,Tillman,F,071330093290,AM,Skye13@yahoo.com
x5efe,Huels,M,013984205481,JO,Tracy_Huels93@yahoo.com
hdc0v,Rosenbaum,M,028015741874,EE,Beverly_Rosenbaum@hotmail.com
6pjue,Gleason,F,091377582966,NC,Katrina_Gleason99@gmail.com
wyolm,Haley,F,068476120667,BA,Brennan.Haley@hotmail.com
f1o8p,Parisian,F,044211973083,FR,Raphaelle.Parisian@yahoo.com
yutas,Koelpin,F,041756749883,SB,Eugenia.Koelpin@gmail.com
78ese,Senger,F,040114904413,VC,Phyllis17@gmail.com
oafku,O'Conner,F,070461096698,CZ,Yazmin.OConner@hotmail.com
gmf9z,Kohler,F,087221176633,CZ,Jarred_Kohler37@gmail.com
ucgj7,Kub,F,021179551562,IQ,Esta.Kub84@yahoo.com
uncp8,Bernhard,M,002131808211,SV,Jasmin_Bernhard53@yahoo.com
dmmko,Lesch,M,033138586402,TV,Lora_Lesch@yahoo.com
a07no,Price,M,082240611037,UA,Landen.Price@gmail.com
dgzw0,Kerluke,F,090893097707,NG,Duane.Kerluke47@hotmail.com
mfnai,Waters,F,064432114500,PS,Keyshawn49@hotmail.com
ft9hk,Mayer,M,027364767515,EG,Reginald.Mayer86@hotmail.com
0jspz,Kutch,F,055716499540,ZW,Clara_Kutch93@hotmail.com
5zcx0,Leuschke,M,067899044267,SX,Maia37@yahoo.com
qkmc8,Blanda,F,035595319746,LU,Rod62@yahoo.com
cjoiz,Mann,F,071792318986,IR,Jaiden.Mann@gmail.com
xmkoa,Jast,F,028838304277,BR,Sabina.Jast72@hotmail.com
fhscx,Pacocha,F,057723052881,NI,Gregorio82@yahoo.com
fnsyq,Mohr,F,057824829608,MS,Adele_Mohr41@gmail.com
twtt8,Ebert,F,035276091865,LT,Alana68@gmail.com
fyaa4,Bednar,F,093974591377,PE,Kimberly.Bednar60@yahoo.com
qyju8,Medhurst,F,031076044794,CF,Kaia_Medhurst@gmail.com
v3tsy,Wisoky,M,078559801567,MN,Jarod_Wisoky1@yahoo.com
uct37,Schinner,F,008837083039,PA,Kiana.Schinner@hotmail.com
skrlc,Langworth,M,032613811766,SD,Jazmin94@gmail.com
fng7k,Hamill,M,081489456769,AE,Bettie62@hotmail.com
38grt,Schiller,F,084904668878,BF,Stanley.Schiller@yahoo.com
xiq05,Hansen,M,019900912738,ES,Samir.Hansen@hotmail.com
ib7nb,Crist,M,062084224374,LY,Quentin22@hotmail.com
uxo6l,Legros,F,029022318156,KM,Bethel.Legros76@gmail.com
cv1lc,Blick,F,094437880212,GW,Florian24@gmail.com
z2d6z,Kertzmann,F,046859336369,GE,Nathaniel_Kertzmann70@hotmail.com
i110r,Dooley,M,072572810431,LI,Leonel.Dooley@gmail.com
o6tv4,Keeling,F,083467455657,UZ,Talia_Keeling@hotmail.com
gqjil,Johns,M,019393167217,GT,Armando92@hotmail.com
anb6w,McClure,F,014442953708,DO,Merlin_McClure97@gmail.com
ufwsv,Herman,F,092903624079,SX,Jayce.Herman@hotmail.com
xupfp,DuBuque,F,013596391597,IR,Maudie.DuBuque@gmail.com
ksb7x,Orn,F,002349395654,MD,Rocky.Orn@hotmail.com
3a5tl,Schmitt,F,026508822520,ZM,Lawson95@gmail.com
tdkdv,Bartell,F,046776141837,GR,Lavonne31@hotmail.com
3t4cp,Wolf,F,027085351888,TF,Wendell_Wolf57@yahoo.com
mocgt,Hoppe,F,031455387404,KW,Dion_Hoppe@hotmail.com
pfh4s,Schumm,F,066569962770,SZ,Brody.Schumm79@hotmail.com
vqabt,Skiles,M,020052940828,GA,Jared79@gmail.com
fbofy,Wuckert,F,046845910784,BD,Angelica_Wuckert@yahoo.com
awc7d,Daugherty,F,036786150754,PH,Susana.Daugherty@gmail.com
8ywdo,Bernier,M,025937734223,PH,Elroy_Bernier@gmail.com
4ex4l,Greenholt,F,019001835983,FM,Georgianna.Greenholt@hotmail.com
krlga,Hickle,M,034440393360,BZ,Arden16@gmail.com
1ermi,Crooks,F,041935820913,CN,Mohamed15@hotmail.com
uo48m,Purdy,F,001795460828,PF,Camilla_Purdy@yahoo.com
zj9gf,Runte,M,065036179981,ME,Tyra.Runte72@gmail.com
nu8vf,Kessler,M,018869927206,NO,Dorthy_Kessler71@gmail.com
b6dh2,Fritsch,M,046833052391,KM,Graham51@gmail.com
e3mz9,Mante,M,033875184263,BR,Herman_Mante@yahoo.com
gomg4,Bergstrom,F,012793247287,AZ,Diamond.Bergstrom@gmail.com
k9tog,Crooks,M,089279291856,HK,Stevie3@yahoo.com
85z3e,Walsh,F,013294351080,AI,Randi2@yahoo.com
o0mis,Mueller,M,078411872082,BY,Luella.Mueller@yahoo.com
zgug6,Marks,M,044371621512,NP,Eldora.Marks5@yahoo.com
h09dx,Bosco,F,003990649204,BT,Liam.Bosco62@gmail.com
gpn49,Russel,F,023087475024,GH,Chesley.Russel80@hotmail.com
of8vn,Kshlerin,M,057849238067,NC,Fabiola.Kshlerin95@gmail.com
ncueo,Dach,F,024084139377,UM,Cristobal.Dach23@yahoo.com
6nmfp,Veum,F,091647826898,CV,Rafael.Veum35@hotmail.com
91nlt,DuBuque,M,099145549027,CK,Rose17@gmail.com
ij8iz,Dicki,M,015462785784,CN,Destinee.Dicki66@gmail.com
xl1mk,Keebler,F,021294533760,MP,Gonzalo_Keebler80@yahoo.com
k22dl,Brakus,M,036637407997,KI,Guillermo.Brakus52@gmail.com
ea7xr,Farrell,M,098543879615,BY,Maci.Farrell57@yahoo.com
p5osk,Parker,M,097055855169,SZ,Darrell_Parker@gmail.com
84ymc,Feest,F,056236901302,CC,Edward.Feest85@hotmail.com
6bymb,VonRueden,M,001034624698,GP,Hailey.VonRueden@gmail.com
vs91j,Schaden,M,035688221016,BR,Milo_Schaden@yahoo.com
vghuc,O'Keefe,M,047149299793,BT,Simone.OKeefe36@yahoo.com
n0mvy,Nikolaus,F,006623778021,SA,Paolo90@hotmail.com
cjy13,Tillman,M,041589639529,DO,Ronny.Tillman88@hotmail.com
9fyfe,Lindgren,M,098543661167,MN,Lola67@yahoo.com
jov2i,Blanda,M,021278681089,TV,Bettye_Blanda71@gmail.com
ebjnc,Kuphal,M,025444938569,CN,Theron_Kuphal78@yahoo.com
3hnfv,Gislason,M,016447523882,MW,Nyasia_Gislason83@yahoo.com
9l6ee,Cummings,M,084643935966,BI,Friedrich_Cummings@hotmail.com
vaapw,Trantow,F,011334566875,GB,Jaclyn.Trantow30@hotmail.com
sukg9,Yost,F,053700783224,GM,Vida.Yost@yahoo.com
ivdz7,Green,F,004788838810,KY,Howell74@gmail.com
9v03l,Dooley,M,075572366103,YE,Judah_Dooley@gmail.com
kvm12,Stark,F,013522141760,CC,Ronaldo_Stark56@hotmail.com
bw6u9,Kohler,M,088260621205,EH,Mae.Kohler16@gmail.com
nlxxv,Jacobi,M,050950280325,TN,Miles11@gmail.com
act0p,Roob,M,016222088031,CX,Demetris.Roob17@hotmail.com
brt86,VonRueden,M,027800586883,LS,Abigail.VonRueden73@yahoo.com
qyzug,Raynor,M,086163587740,FI,Stone_Raynor90@yahoo.com
uob9y,Moore,M,042828574063,CY,Lafayette_Moore@yahoo.com
29f3k,Streich,F,080364504452,PG,German.Streich87@gmail.com
6h8fb,Connelly,F,032344442212,AZ,Shania.Connelly@gmail.com
w6idj,Konopelski,F,016816215737,CN,Florencio_Konopelski12@yahoo.com
5ze4h,Nienow,M,020661330739,ID,Declan92@gmail.com
wkgxc,Sporer,F,047508466914,UA,Cristopher.Sporer@gmail.com
drye6,Baumbach,M,082061956766,GG,Janie61@hotmail.com
4ll11,Kub,M,024009750081,JO,London.Kub72@hotmail.com
ci16q,Hartmann,M,041810969720,AR,Milford97@gmail.com
w0h13,Conn,M,092237327402,TM,Lyric_Conn43@hotmail.com
r2tnx,Sauer,F,094423107926,ET,Destini.Sauer97@hotmail.com
qmka3,Rempel,M,060573630821,FO,Johnny22@hotmail.com
rhv77,Lockman,F,049823566473,AQ,Loren_Lockman@gmail.com
cm9xs,Olson,M,064311351135,CF,Charlene.Olson30@yahoo.com
pkd9n,Davis,M,047681861134,FO,Maida95@hotmail.com
m38yr,Fisher,M,004034840447,CM,Ariane30@hotmail.com
mbxil,Runolfsson,F,006108243456,IQ,Mark89@gmail.com
peb16,Stoltenberg,F,012069434699,SH,Lia48@gmail.com
u0x4k,Emmerich,F,082900789210,AW,Lennie.Emmerich5@hotmail.com
50he7,Wehner,F,030326133579,SD,Chelsea_Wehner29@gmail.com
gdl5a,Sawayn,F,063404969847,GS,Ivory28@hotmail.com
sq9im,McLaughlin,M,033943045513,BY,Tate25@yahoo.com
26i02,Pfannerstill,M,099820016202,IS,Leonor72@hotmail.com
o8978,Dickinson,F,085324779001,IL,Faye64@yahoo.com
v4cir,Sauer,M,008660693793,LA,Una24@gmail.com
3a71l,Luettgen,M,063662322472,MH,Kelley_Luettgen@gmail.com
cice4,Barton,M,056054177535,TJ,Griffin.Barton16@gmail.com
dz1qp,Towne,M,019072527382,VN,Dortha_Towne@yahoo.com
kadq2,Prosacco,F,055106006384,EE,Tevin12@hotmail.com
z4pup,Block,F,040734406945,GL,Dorthy.Block69@gmail.com
7ad92,Abshire,F,033356330338,DZ,Palma78@hotmail.com
umfrt,Zboncak,M,067340744076,AG,Jerel.Zboncak28@gmail.com
mz0da,Bosco,M,098698401811,BA,Tianna.Bosco99@yahoo.com
9aphr,Kreiger,F,029822983595,KE,Novella.Kreiger79@hotmail.com
njzyt,Cummings,F,042846608524,ID,Jarrod26@hotmail.com
rb9ye,Stanton,F,047550717530,KZ,Annabelle_Stanton@hotmail.com
whsf7,Macejkovic,F,047363238057,ET,Maribel9@yahoo.com
n0u0q,Gislason,F,034458063746,CN,Delbert.Gislason@gmail.com
haqv5,Bauch,M,029094840848,LI,Reagan25@yahoo.com
7tk5c,Langosh,F,069539014711,MF,Katelyn77@gmail.com
qtn3p,Brown,M,044872881774,BY,Josianne.Brown4@hotmail.com
kmcc8,Stiedemann,F,032542337591,UZ,Brielle84@gmail.com
da2l2,Bernier,F,063576962153,PN,Ethan.Bernier@hotmail.com
4x4hv,Stroman,M,044700008936,NR,Travis_Stroman5@gmail.com
i041a,Spinka,F,000552687555,TG,Cydney.Spinka63@gmail.com
9z5z8,Gaylord,M,049949187636,MP,Karolann_Gaylord@gmail.com
qxwa4,Conn,F,017351937326,GD,Anya.Conn@hotmail.com
aysxa,Braun,F,002615322317,NF,Teresa_Braun10@hotmail.com
trjla,Russel,M,073506390273,RS,Daron72@hotmail.com
sxwv2,Gutkowski,M,004766368825,BV,Tristin_Gutkowski@gmail.com
otjfn,Cummings,F,032573686881,MO,Delilah_Cummings@yahoo.com
24fke,Mills,M,083626414454,SE,Braden_Mills3@hotmail.com
0h0ap,Feeney,M,056091936502,PF,Haylee24@hotmail.com
czn77,Moen,F,014630746022,GI,Harrison_Moen33@gmail.com
ahnq1,Jones,M,044812594969,CI,Retha37@yahoo.com
x7rj3,Rolfson,M,063965599258,CO,Daryl.Rolfson@gmail.com
8vjk8,Wyman,M,069654060630,AW,Cedrick.Wyman@gmail.com
h05on,Luettgen,F,094955552334,TD,Payton_Luettgen87@gmail.com
50ofa,Blick,M,070754509216,VG,Saul31@yahoo.com
mxf05,Muller,F,022297325158,KW,Rodrick.Muller@hotmail.com
icem4,Lesch,M,054031069181,ET,Bailee64@gmail.com
t8jq1,Sanford,M,028901475242,DM,Linnie.Sanford@yahoo.com
6d9zv,Abbott,F,099467690064,KY,Delphia.Abbott34@gmail.com
tm6hb,Jacobs,M,078483613569,ER,Joyce.Jacobs40@yahoo.com
uig1n,Halvorson,F,085614979907,MK,Kattie_Halvorson@gmail.com
d4cug,Jacobi,M,091814308497,AQ,Alexandre25@gmail.com
7gk9j,Kuhn,F,068299672176,SJ,Daphney86@yahoo.com
ehv3b,Kutch,F,090563319127,CO,Kylie_Kutch95@gmail.com
34370,Kassulke,F,091134958659,CZ,Franco51@hotmail.com
mqo3l,Koch,F,080534141999,CM,Gabriel_Koch28@yahoo.com
xm6pk,Herzog,F,070542898246,IE,Alessandro19@gmail.com
ddwrf,Jast,F,051828403086,MO,Keely76@hotmail.com
412xa,Nicolas,M,025909319897,CD,Erika74@gmail.com
tktv5,Kessler,F,057035615071,SB,Candice53@hotmail.com
j4t1s,Hoeger,M,068607497507,PG,Kirk41@yahoo.com
saazw,Brown,F,006543275457,GL,Bridgette_Brown77@yahoo.com
ifmla,McCullough,M,043831563883,UM,Xander_McCullough@hotmail.com
m2bmp,Cruickshank,F,038471479043,TM,Dustin_Cruickshank@yahoo.com
ggn3q,Prohaska,F,005192087412,MH,Marcella.Prohaska@gmail.com
hj3el,Weimann,M,080598045374,TL,Arvilla84@hotmail.com
t3p5l,Schneider,M,079891437062,JP,Stacey.Schneider@hotmail.com
44oet,Cruickshank,F,064039843165,MG,Rogelio_Cruickshank2@hotmail.com
dqnh9,Collins,M,065337698579,BJ,Frida.Collins67@yahoo.com
fh70p,Abbott,F,031719996031,WS,Al_Abbott@gmail.com
m4ses,Renner,F,004357265005,AQ,Angelina82@yahoo.com
c0khn,Blick,F,006807709720,KW,Daisha81@yahoo.com
6un1v,Skiles,M,039327503112,JE,Sofia91@gmail.com
oxg9c,Lemke,F,074806788381,WS,Tavares.Lemke@hotmail.com
8brvr,Haley,F,054462674590,SI,Michelle.Haley9@yahoo.com
xfznt,Durgan,M,005674449447,TF,Abigale.Durgan@gmail.com
reife,Strosin,F,084189710988,LA,Delta_Strosin@yahoo.com
9mszl,Morissette,F,020476257264,LK,Theresia_Morissette@yahoo.com
vwakf,VonRueden,F,073895372266,SB,Kaelyn_VonRueden@hotmail.com
1yap8,Jones,M,057366049984,GR,Ophelia4@gmail.com
u70om,Schmidt,F,053006036478,PR,Noah.Schmidt@gmail.com
oc0wo,Brekke,F,033185635155,AU,Anya70@gmail.com
ncltu,Mosciski,F,047380514608,SM,Ken.Mosciski61@yahoo.com
y6o5o,Homenick,M,078936886871,NU,Rocky28@hotmail.com
u8ojp,Barrows,M,000392903244,CG,Kelvin_Barrows39@gmail.com
f75aw,Hermiston,M,089335372296,MR,Hadley.Hermiston@hotmail.com
bnkly,Rogahn,M,091656680470,GN,Jacques.Rogahn@hotmail.com
flhw3,Trantow,F,005575048490,WS,Elaina_Trantow@hotmail.com
cyon1,Balistreri,F,063840903176,SO,Hobart92@yahoo.com
8gom9,Heidenreich,M,012556780493,TC,Onie.Heidenreich@gmail.com
662aw,Beer,F,057513430684,PY,Clair_Beer6@yahoo.com
awsak,Ward,F,091427275087,PS,Golda48@gmail.com
3f29f,Lindgren,F,073197973884,KG,Zoe49@gmail.com
86325,Kovacek,F,097226872678,PW,Jalon_Kovacek@yahoo.com
aii6d,Hirthe,M,017732234971,FK,Elijah.Hirthe31@gmail.com
mmc6x,Kuphal,M,085767142821,TM,Shaniya10@hotmail.com
tc5t3,O'Kon,M,010437413434,GW,Ivah67@hotmail.com
3d2tv,Dietrich,F,068151993369,FR,Berniece_Dietrich2@gmail.com
k6sg2,Kunde,F,031270050004,GH,Pearl50@hotmail.com
fnuj9,Stanton,M,025900727139,PE,Lauriane_Stanton55@gmail.com
swyqi,Batz,F,054523315640,NZ,Vella_Batz79@gmail.com
biaif,Mayert,M,027667394745,MD,Chanel_Mayert30@gmail.com
qpvb5,Zemlak,M,089836134171,LS,Tyrell_Zemlak88@hotmail.com
2xuva,Hirthe,F,025613564173,BH,Dallin.Hirthe79@hotmail.com
6e87j,Muller,F,048297598040,BY,Celestine77@gmail.com
rft6j,Crona,F,013440561751,SN,Miles.Crona35@hotmail.com
nnat5,Anderson,F,013473267739,KR,Janick_Anderson33@hotmail.com
d33l4,Ernser,M,079005416719,PR,Violette22@yahoo.com
tev25,McLaughlin,M,008767631687,MO,Lamont20@yahoo.com
sjzu9,Brekke,M,009105752852,SN,Vidal91@hotmail.com
v46op,Abernathy,M,036953249995,WF,Sigmund_Abernathy10@gmail.com
jl191,Johnson,M,051196592168,IM,Crystal31@hotmail.com
hk6xx,Mayer,M,059599507197,CC,Connie.Mayer@hotmail.com
b70zj,Herzog,M,096881360010,AL,Winnifred6@hotmail.com
nwk6k,Skiles,F,042114089094,YE,America.Skiles84@yahoo.com
0l1os,O'Reilly,M,023179920686,MC,Jaden64@gmail.com
qqp5d,Lueilwitz,F,095061780912,GW,Jermain37@gmail.com
mhgq3,Dare,M,080295773531,MA,Leopold.Dare@yahoo.com
p4mb3,Breitenberg,M,096471739078,HN,Kyle_Breitenberg73@yahoo.com
pr788,Ryan,F,041884671865,SM,Aurore.Ryan@gmail.com
gablp,Koss,M,019185107080,GS,Orrin20@gmail.com
i9x43,Cassin,F,046087794793,ES,Ova37@yahoo.com
5bs2b,Quitzon,F,042702880251,RS,Kennedy_Quitzon62@hotmail.com
9444f,Steuber,F,025752836166,LU,Ova.Steuber@yahoo.com
86tmy,Runte,M,068005923748,AZ,Dominique.Runte@hotmail.com
rjh1l,Sawayn,F,097763100568,MU,Guiseppe41@gmail.com
qti7u,Hilpert,F,067488770814,FR,Lessie_Hilpert@yahoo.com
g8rqd,Dicki,F,064576420434,AE,Trisha_Dicki15@gmail.com
rays1,Hyatt,F,098169475404,FJ,Allison85@gmail.com
l4tte,Emard,M,074380241687,MD,Dejon68@hotmail.com
r3qxm,Upton,M,073294174628,MS,Karina.Upton64@hotmail.com
649hg,Baumbach,M,029786091615,ZM,Lucy.Baumbach32@yahoo.com
7l6h0,Grimes,M,077605232204,SH,Ariel_Grimes@hotmail.com
3c35q,Prohaska,M,030091114718,PR,Keaton_Prohaska3@gmail.com
vzrld,Monahan,M,042241675350,SB,Maiya10@gmail.com
rb32d,Lakin,M,038804987272,DZ,Ada73@yahoo.com
la3sn,Johns,F,029012467377,GL,Mikel.Johns@gmail.com
yssfe,Beahan,F,065474862578,TC,Dario24@hotmail.com
fmdd1,Parisian,F,063002721581,HT,Jude.Parisian@gmail.com
99ef7,Ratke,F,077317609409,RW,Misael_Ratke@yahoo.com
494p9,Lubowitz,F,089563475339,WF,Dejuan_Lubowitz42@hotmail.com
6f3db,Glover,M,094606238720,TN,Rossie_Glover@yahoo.com
qllzc,Rippin,F,087545496132,ZA,Elizabeth66@hotmail.com
3vlen,Crist,F,042421388218,GH,Lilliana1@gmail.com
qpzco,Konopelski,M,068239746780,BO,Mollie_Konopelski@yahoo.com
s123f,Towne,F,091001408397,EH,Felipa_Towne82@hotmail.com
0nb92,D'Amore,F,011125313227,CK,Lenny.DAmore1@yahoo.com
ghbn1,Donnelly,F,070793401905,OM,Bailee43@hotmail.com
o45fh,Leuschke,M,021980821693,GA,Hilbert76@gmail.com
u5lcy,Bauch,F,054288875752,CM,King55@gmail.com
ivbf6,Von,M,072254813818,BJ,Palma57@yahoo.com
frbzv,Hettinger,M,068234616801,PY,Leila.Hettinger@hotmail.com
5qu9w,Terry,M,062483859360,SC,Bill44@gmail.com
ou1w0,Ziemann,M,040250434203,MW,Dejuan_Ziemann99@gmail.com
q37tt,Olson,F,088653892166,MT,Quinten_Olson43@gmail.com
uxvf2,Donnelly,M,017449984903,SZ,Bettye_Donnelly@hotmail.com
x6as5,Bashirian,M,055533406424,FO,Hanna.Bashirian@gmail.com
6oeiw,Russel,M,045297598562,SO,Yessenia90@hotmail.com
30isc,Langworth,M,048017012590,OM,Angel50@yahoo.com
hjo3z,Mayer,M,077371233568,PL,Collin49@gmail.com
mfz9u,Weber,M,008672418888,MF,Rosalinda.Weber@hotmail.com
qmc45,Jenkins,M,034585603293,DM,Frederick_Jenkins26@yahoo.com
3rc6u,Predovic,F,099641534836,CN,Kayleigh.Predovic83@hotmail.com
0h669,Pollich,M,055383981808,EG,Selena8@yahoo.com
1flhn,Christiansen,M,032307568902,PH,Carmela_Christiansen12@gmail.com
p0hk5,Crist,F,096198684911,LV,Emanuel_Crist39@hotmail.com
sdioa,Kassulke,M,090072114406,BO,Alexa_Kassulke92@hotmail.com
oi1p4,Muller,M,083450370825,AR,Yesenia15@gmail.com
upjnb,Wolff,F,050579367640,LY,Marianna_Wolff@hotmail.com
2ni8s,McCullough,M,038034499863,ID,Zachary_McCullough@gmail.com
06uqg,Jacobs,F,049573881454,TC,Mario_Jacobs13@yahoo.com
abhsu,Feeney,M,041753049250,GB,Abigayle.Feeney46@yahoo.com
14ckf,Daniel,F,064331785342,AR,Alexie.Daniel12@yahoo.com
mg7ip,Shields,M,038141886093,BA,Samantha3@gmail.com
gec0f,Dooley,F,002450527769,MC,Edd.Dooley1@hotmail.com
k2okr,Greenholt,M,054343431112,PY,Cecelia38@hotmail.com
1nloj,Zemlak,M,050515857089,TG,Emmet.Zemlak63@hotmail.com
rj5q1,Will,M,008215413963,HT,Margaret73@gmail.com
yj4hj,Effertz,F,019992875859,EH,Jerald.Effertz66@hotmail.com
k8mck,Reichert,F,099980372508,NO,Elfrieda85@hotmail.com
asr8m,Runolfsdottir,M,029386086535,PS,Nathen_Runolfsdottir@hotmail.com
2xbhp,Fritsch,M,085867658160,SZ,Jeanette.Fritsch14@gmail.com
4w7ft,Stamm,M,003763885306,HT,Colten63@gmail.com
ipars,Lueilwitz,F,073809836586,AL,Marques_Lueilwitz90@hotmail.com
p0s6m,Aufderhar,M,071618905399,CG,Queenie25@gmail.com
nhown,Ward,M,019570859504,MC,Leon.Ward52@gmail.com
ae6cy,Schinner,F,084769381748,AI,Katarina.Schinner34@yahoo.com
zarws,Bauch,F,034463649085,VN,Kristin.Bauch@hotmail.com
ubxzt,Murphy,F,016951300296,ES,Sylvan.Murphy52@yahoo.com
42n39,Muller,F,050061919090,AD,Valentine13@gmail.com
nkka3,Yost,F,054488185603,SN,Urban_Yost62@yahoo.com
y2l5w,Streich,F,018680717025,IE,Shayna_Streich@gmail.com
bxp37,Pacocha,M,044203739625,CM,Marilie49@yahoo.com
q735p,Koss,F,044085730477,LU,Eldridge.Koss@hotmail.com
nn5mp,Wisozk,M,001426579784,HR,Gwendolyn_Wisozk66@gmail.com
rgnwr,Wiegand,M,098491306734,CL,Melvin34@hotmail.com
b31ma,Cremin,F,013097555773,FO,Reese.Cremin@hotmail.com
yr5ir,Hilll,M,017144229237,AR,Tatum_Hilll@gmail.com
7dxv7,O'Reilly,F,084250030042,GG,Lennie64@yahoo.com
e2c9a,Grimes,F,094422567143,CX,Marcia_Grimes@hotmail.com
rzxmc,Lindgren,M,029300134700,PM,Kasey_Lindgren82@gmail.com
1c8vk,McClure,M,028074449193,NA,Name.McClure92@hotmail.com
xvxga,Osinski,M,037459315568,MT,Deja.Osinski@gmail.com
dq6kg,Mitchell,F,028752909784,FR,Alek_Mitchell63@gmail.com
fosim,Keeling,M,085336128264,MT,Maryjane_Keeling85@yahoo.com
nrilq,Feeney,M,075349033522,TC,Milford96@yahoo.com
cr00q,Adams,F,055703710283,YT,Ella.Adams@yahoo.com
498an,Sanford,F,086123268585,MX,Dayne_Sanford56@gmail.com
ye115,Strosin,M,088429592094,NF,Bette_Strosin2@hotmail.com
xiz0p,Mraz,F,056657781194,PM,Harry_Mraz52@yahoo.com
gn32s,Miller,M,027770978535,IN,Annette_Miller21@yahoo.com
8wd7o,Grant,M,039121904465,MS,Hershel_Grant@gmail.com
0o8t7,Fahey,F,032585015891,NO,Edythe_Fahey20@gmail.com
4usvs,Stoltenberg,M,061863174891,LV,Fatima89@hotmail.com
p9eld,Zemlak,F,080175034364,EG,Brionna91@yahoo.com
t9a2x,Toy,M,093907288121,SR,Rasheed_Toy@yahoo.com
5iofl,Towne,F,055493322814,CW,Noemi62@gmail.com
xn2ep,Collier,M,001439753318,CK,Wilhelm_Collier@gmail.com
mnjry,Emmerich,M,084200910920,SS,Aric_Emmerich71@gmail.com
7lx8e,Veum,F,079818574778,CK,Augusta96@yahoo.com
n08zt,Kovacek,M,032461972510,AT,Lola.Kovacek@gmail.com
gksjy,Kuhic,M,049122499917,AQ,Ladarius_Kuhic4@hotmail.com
2cr3n,Barton,F,083008498449,NG,Patricia.Barton1@gmail.com
ujz5k,Legros,F,092425936832,MQ,Triston38@hotmail.com
id8gn,Runolfsdottir,F,069028863712,NP,Tatyana2@yahoo.com
53pgj,Daugherty,F,097497865710,AO,Alexandre.Daugherty@hotmail.com
gzsne,Reynolds,F,097495280824,BD,Esperanza_Reynolds90@gmail.com
sqhwz,Gerhold,M,006316282389,IR,Maverick_Gerhold@hotmail.com
gtzuj,Watsica,M,073742149782,LR,Llewellyn68@gmail.com
uh6lu,Bayer,F,004596156479,GS,Cydney_Bayer2@yahoo.com
m3ybg,Dare,F,010967602740,SA,Ellen_Dare@hotmail.com
2je2j,Trantow,F,016701244435,NC,Wilfred.Trantow12@yahoo.com
i6phv,Gibson,F,066442280444,YE,Ardella.Gibson@yahoo.com
08w4b,Metz,F,020073327529,IR,Felicia_Metz@yahoo.com
ayu25,Maggio,F,037104613134,PT,Cyril85@hotmail.com
65rpk,Shanahan,M,088153263515,TM,Wallace.Shanahan86@yahoo.com
uqfkp,Wiegand,M,078754001498,RE,Catalina.Wiegand69@yahoo.com
rayad,Pacocha,M,047469212054,IO,Osvaldo_Pacocha@gmail.com
ttjkf,Yundt,F,006591696421,JE,Mathias_Yundt@hotmail.com
bf08n,Gleason,M,061343184693,SY,Stan.Gleason@hotmail.com
zrxjm,Schoen,M,068254916278,ZM,Amelie24@gmail.com
imgjd,Beatty,F,068792899598,VC,Orval_Beatty86@hotmail.com
yd4zu,Simonis,M,018678909924,EG,Waldo52@hotmail.com
1jzes,Cummings,M,036539304210,SD,Blanca_Cummings38@gmail.com
ojw06,Wisozk,M,037464063251,MH,Billy.Wisozk@hotmail.com
chy76,Schowalter,F,087346909885,SL,Domenico_Schowalter@hotmail.com
np04f,Boehm,M,056472272686,KW,Domenico_Boehm86@yahoo.com
j9ohi,Blick,F,070018236993,NL,Taryn56@yahoo.com
hbf4u,Lind,M,062223974406,BQ,Brad95@hotmail.com
fj97d,Quitzon,F,000615765662,AI,Ana65@hotmail.com
xhap2,Mraz,F,011238260786,LI,Madyson_Mraz47@yahoo.com
ned2m,Little,M,045379870974,LB,Imogene.Little@yahoo.com
xe8yv,Von,F,034444696059,NL,Carson_Von61@gmail.com
kpyia,Sipes,F,029518248555,AL,Kira_Sipes18@yahoo.com
ixx0u,Stehr,M,090114346557,AX,Sherwood_Stehr@yahoo.com
t8z7f,Considine,F,005983766730,LT,Blaise.Considine@hotmail.com
imtwa,Hansen,F,034643145478,PS,Monroe21@yahoo.com
i5zex,Mayer,F,083043976438,GM,Delores_Mayer@hotmail.com
5iocz,Lang,M,091370703447,TT,Filiberto_Lang@yahoo.com
u0wdv,Feeney,M,048317222249,CN,Madilyn_Feeney61@yahoo.com
mbyv0,Harber,M,081577206012,AM,Charles39@yahoo.com
jr1hl,Rohan,M,076546347096,KZ,Kirsten.Rohan@hotmail.com
33nmj,Wilkinson,M,093154154593,CV,Soledad_Wilkinson@gmail.com
dlyfc,Schuppe,M,022800931842,ID,Lance53@yahoo.com
04ou6,Wiegand,M,030693716258,SH,Verlie_Wiegand60@hotmail.com
lbzwc,Homenick,M,010335283556,KM,Teagan.Homenick@hotmail.com
trw3a,Fay,F,081889874673,MA,Zetta95@hotmail.com
47s0i,Lesch,F,039368086774,SE,Stewart.Lesch@gmail.com
ye13t,Brakus,M,032309063505,HU,Adelbert_Brakus@gmail.com
ogftm,Schuster,F,008638062166,SD,Caleb48@gmail.com
umo9p,Kutch,F,025957679321,VI,Amara60@gmail.com
cizj7,Balistreri,F,060703629954,FJ,Camron_Balistreri@yahoo.com
stv40,Wisoky,F,014235815828,TR,Tyrese_Wisoky@hotmail.com
u2q52,Littel,F,026637282845,SO,Jannie.Littel32@yahoo.com
y1y87,Koepp,F,069639808233,RS,Tillman27@yahoo.com
wexfz,Franecki,M,036246818338,BD,Jackson3@hotmail.com
qfl4t,Langworth,M,073231556719,ST,Parker_Langworth37@yahoo.com
91rfp,Donnelly,F,080995486274,LS,Sammie66@hotmail.com
3ce5p,Runolfsdottir,F,031534496897,AL,Conrad.Runolfsdottir@gmail.com
ind2k,Emmerich,M,074566429874,MO,Beulah.Emmerich84@hotmail.com
rd52k,Berge,M,089224282069,JE,Leola_Berge30@hotmail.com
5b0p5,Ortiz,M,049022957130,NZ,Garrison_Ortiz2@gmail.com
kwqsa,Rau,F,097257851650,PA,Adalberto48@gmail.com
f9riz,Lubowitz,M,094614583847,AO,Don_Lubowitz@yahoo.com
8ljsk,Green,F,070375289605,LY,Daphne64@gmail.com
pg9p0,Lesch,M,060128778885,MZ,Fiona_Lesch72@hotmail.com
51j9u,Deckow,M,073313213942,IT,Thomas.Deckow@gmail.com
buhlc,Boehm,F,045212489377,TO,Magnolia17@yahoo.com
tr416,Schuppe,F,085051103304,SV,Johan_Schuppe@hotmail.com
8lsdh,Schaden,F,013500247143,AL,Hugh.Schaden@hotmail.com
qtqz6,Ankunding,F,071510348508,GT,Donato19@hotmail.com
gmny4,Bahringer,F,082711620142,LT,Chloe.Bahringer@hotmail.com
fqhsj,Daniel,F,007719693815,PW,Rusty63@gmail.com
cbqlw,Rippin,M,098494230314,KH,Lindsay75@gmail.com
tpgco,Schamberger,M,084321094900,SA,Tina.Schamberger@hotmail.com
lgcxc,Hartmann,M,034185255981,AI,Santiago.Hartmann30@gmail.com
dda0g,Nolan,M,084954611381,NR,Kailyn_Nolan@yahoo.com
gu9q4,Schmeler,F,031116123229,ES,Rowan91@hotmail.com
tcl32,Sawayn,F,095656627763,KR,Angelo15@yahoo.com
jq4jq,Powlowski,M,087999517257,IE,Nickolas25@gmail.com
yxvvg,Runolfsson,F,040229881116,IE,Ramon38@yahoo.com
cqgfu,Moore,M,017394035668,AQ,Isai.Moore35@gmail.com
tz4b0,Hermiston,M,084370286436,SO,Angelica_Hermiston@yahoo.com
xoiks,Wisozk,M,089334805897,IT,Ed_Wisozk@hotmail.com
w9url,Metz,F,074667535347,GL,Susana.Metz@hotmail.com
ukv1i,Rippin,M,069235798329,GG,Noble_Rippin98@yahoo.com
04ott,Auer,F,026593408237,VA,Chelsey.Auer@yahoo.com
h53ye,Hegmann,M,064361622170,GQ,Brandyn1@yahoo.com
p7mqh,Weissnat,M,049989002978,ZM,Thomas.Weissnat49@yahoo.com
tblju,Fritsch,M,056124770603,TW,Walker73@gmail.com
66nqb,Kihn,M,057559577207,DJ,Joel95@yahoo.com
118ok,Orn,M,006909785099,DM,Ida84@gmail.com
be6dv,Abernathy,F,050664907621,GD,Cecilia_Abernathy@yahoo.com
01fqk,Mueller,F,088173845609,BZ,Ayana48@gmail.com
9oi8z,Turner,F,066009448817,KP,Ferne_Turner52@hotmail.com
rt5y8,Renner,F,000368799117,BY,Kenton.Renner@hotmail.com
nv1oc,Johnston,M,017556217451,BN,Vance_Johnston@yahoo.com
turaz,Witting,M,058151718931,GR,Tracy84@hotmail.com
4tsdi,Wehner,M,048472877875,SS,Rocio.Wehner52@hotmail.com
pth19,Ruecker,M,031853334406,CW,Melisa18@yahoo.com
pl5w5,Kris,M,084560237370,JO,Chelsie.Kris19@gmail.com
lhbbi,Greenfelder,M,022396449574,TF,Tony_Greenfelder@yahoo.com
5chf4,Cummings,M,037290660549,UZ,Geo.Cummings@hotmail.com
xd4t1,Skiles,F,073837849325,GB,Morgan92@yahoo.com
bqw58,Hettinger,F,073682102109,KY,Rachael.Hettinger1@yahoo.com
9bxdh,Pfannerstill,M,009800113198,GW,Savanna_Pfannerstill@gmail.com
6w0ck,Kuvalis,F,026901869190,MQ,Emely.Kuvalis@gmail.com
sjem6,Greenholt,F,095599884765,HT,Santino_Greenholt@hotmail.com
3g1yj,Dicki,F,090648246852,JE,Lelah_Dicki@yahoo.com
ez1kb,Hickle,M,005108902638,LI,Nayeli69@yahoo.com
ijxsl,Bartoletti,F,011747771362,TF,Bartholome78@gmail.com
zmqv9,Schoen,F,004613595865,ES,Makayla_Schoen@yahoo.com
4nsko,Gottlieb,M,094200855533,CO,Aliyah.Gottlieb@hotmail.com
bh0rh,Metz,F,073098794008,ES,Caleb_Metz20@yahoo.com
x03qx,Torp,F,066142440256,KG,Rossie.Torp58@gmail.com
1cvde,Morar,F,044030968338,BI,Ramon.Morar99@hotmail.com
4r8dl,Yundt,M,061000224816,AU,Javonte71@gmail.com
iyb02,Kirlin,M,010057340515,TC,Reece_Kirlin@gmail.com
ur04u,Will,F,022864328023,AQ,Erin.Will94@hotmail.com
ucy0g,Berge,M,034757018882,SI,Mckenna20@hotmail.com
nybrw,Blick,F,034512648919,AL,Trevion.Blick@hotmail.com
sh4lr,Bednar,M,039743575406,JP,Jannie_Bednar@hotmail.com
h2piq,Cormier,F,059414912377,LT,Scottie.Cormier12@gmail.com
2e6au,Kuhn,M,003007167465,ME,Ryleigh_Kuhn@yahoo.com
elyba,Erdman,F,007702519529,PS,Carter.Erdman80@yahoo.com
07186,Wisoky,F,079343945342,FR,Theodore.Wisoky11@gmail.com
b1agn,Blick,F,098537622190,QA,Juvenal71@hotmail.com
75fhe,Cartwright,F,054679851930,AT,Margarette_Cartwright@gmail.com
j52xg,Ritchie,M,098563372518,NU,Delfina_Ritchie14@yahoo.com
hmuhl,Hodkiewicz,F,006992898559,SB,Deanna_Hodkiewicz@hotmail.com
6unhd,Jacobs,F,000108968574,SV,Kody83@yahoo.com
bsb3q,Herzog,F,052525968640,AX,Junior_Herzog83@yahoo.com
z4rsu,Wiegand,F,074698768055,SL,Izaiah.Wiegand42@yahoo.com
0dmhg,Ernser,M,019717904648,TK,Freida.Ernser@gmail.com
w90sc,Hand,F,090761590951,AF,Bailee_Hand44@yahoo.com
jyfl3,Lueilwitz,M,079756881211,AI,Kailey.Lueilwitz50@hotmail.com
0pfpu,Schoen,F,018217919403,ER,Issac93@gmail.com
1gj1x,Langosh,M,027337112505,AE,Elsa_Langosh@hotmail.com
2tla2,Vandervort,M,027054698942,KZ,Judson.Vandervort27@yahoo.com
fqrkt,Lueilwitz,F,037480731589,ZW,Pietro.Lueilwitz80@gmail.com
wlhie,Zieme,M,093643778526,JO,Verdie.Zieme@gmail.com
b44bg,Mante,M,027087409931,JE,Marjorie_Mante17@gmail.com
obthi,Deckow,M,024159597342,PA,Christelle_Deckow2@hotmail.com
4746w,Harvey,F,061952640289,BJ,Savannah_Harvey50@yahoo.com
bipru,Walter,F,076977923736,GB,Ozella87@yahoo.com
mm8ok,Rippin,M,071586306368,GE,Ava_Rippin@hotmail.com
63zcc,Bogan,F,070602248887,CU,Charles.Bogan@hotmail.com
qmyzk,Schuppe,F,047539261817,CL,Gunnar.Schuppe85@gmail.com
gtmzv,Smith,F,054827635547,ID,Roy86@gmail.com
3vdaj,Hauck,M,057413889327,HR,Angus_Hauck@hotmail.com
hdj0c,Fisher,F,039780423921,KW,Keagan.Fisher83@gmail.com
c7h0m,Kuhic,F,018584521383,MY,Itzel.Kuhic24@yahoo.com
4c2v4,Greenholt,F,056855307541,AX,Alexandria_Greenholt@hotmail.com
7fl1z,Wolf,M,071434072962,PT,Elfrieda10@gmail.com
yg79r,Harris,F,050289464517,SJ,Luigi_Harris@yahoo.com
szg7k,Kutch,M,099915274879,TF,Janick_Kutch@hotmail.com
pzmjb,Kautzer,F,077821473539,GQ,Kaylee_Kautzer@hotmail.com
5syut,Haag,M,036972615648,FK,Alec_Haag61@hotmail.com
z9pc0,Russel,M,052129724718,GG,Georgiana74@hotmail.com
qusei,Pagac,F,021007341097,NA,Vince.Pagac84@hotmail.com
lmirs,Gislason,F,095818118143,MZ,Litzy64@yahoo.com
pvgfx,Kessler,F,089019093852,PT,Lorenza_Kessler@hotmail.com
7kt3i,Moore,F,019132334195,TZ,Delta.Moore@hotmail.com
gntcn,Kuphal,M,048873783339,AR,Gene_Kuphal@gmail.com
w01kq,Schmitt,F,056920136006,SH,Winifred_Schmitt3@yahoo.com
jy4rk,Schuster,M,084670092915,AW,Sid.Schuster39@gmail.com
17vb7,O'Conner,M,086577666855,ZA,Everette9@gmail.com
qvqhw,O'Hara,M,068757258245,SI,Kolby_OHara@yahoo.com
ma7rl,Rolfson,M,000947706220,HN,Rod18@yahoo.com
sj806,Emard,F,040653966655,FJ,Keith_Emard@yahoo.com
2xbvt,Hane,M,054447876701,IN,Jazlyn5@hotmail.com
fye0d,Hessel,F,006469237246,HR,Shaun_Hessel@hotmail.com
7lwxp,Halvorson,F,033650653934,SJ,Adaline_Halvorson6@yahoo.com
z2otx,Schiller,M,091144062302,ER,Mylene.Schiller@hotmail.com
vrhbk,Champlin,F,018081994399,PN,Ari.Champlin@yahoo.com
27w98,Bergstrom,M,076775459838,NU,Skyla.Bergstrom24@yahoo.com
i9skf,Haag,F,009086195629,KG,Peter_Haag@hotmail.com
1lopz,Robel,M,059954441658,MY,Jordan_Robel4@yahoo.com
5wsoa,Halvorson,F,090850300150,ZA,Lynn.Halvorson41@hotmail.com
stdid,Yundt,F,054200937606,KI,Telly_Yundt@hotmail.com
aclti,Weissnat,M,083517998531,SG,Dagmar5@yahoo.com
a4g90,Wolf,F,000130774681,UA,Jasper12@gmail.com
zmyc3,Stanton,F,048347003449,MS,Velma_Stanton78@hotmail.com
3upge,Koepp,M,075998235072,VE,Violet_Koepp@yahoo.com
iak70,Harber,F,035445113306,NR,Alvina20@yahoo.com
1mp3f,Hegmann,M,031029160417,CA,Deborah9@gmail.com
ivkot,Hansen,M,028742041935,SD,Ole.Hansen17@gmail.com
xxel8,Haley,M,088548752091,GG,Adalberto.Haley93@gmail.com
et4pu,Stanton,M,046483435202,MY,Kylie.Stanton13@hotmail.com
dcwfk,D'Amore,M,023198573142,CF,Demario.DAmore98@hotmail.com
xh2rg,Kuhlman,F,087669151147,SZ,Dan.Kuhlman63@gmail.com
prhzx,Beatty,M,040020054428,MP,Jamarcus79@yahoo.com
h5255,Fahey,M,008423970634,TF,Melvina_Fahey6@yahoo.com
vwoj8,O'Keefe,F,014672193165,CU,Kaitlyn.OKeefe@yahoo.com
x3vn8,Harber,M,075445106681,BS,Brian57@yahoo.com
c39lz,Weissnat,M,055747925728,IT,Sally_Weissnat@gmail.com
j1857,Stroman,M,048131138176,OM,Nels.Stroman@yahoo.com
fxh4i,Davis,M,000097757538,ML,Chelsea7@hotmail.com
qx8qj,Hermiston,M,094537464427,NP,Pink.Hermiston@yahoo.com
i0cr5,Hilpert,M,054954500816,KZ,Keenan_Hilpert46@gmail.com
cngex,Rowe,F,054504587649,JM,Green_Rowe@hotmail.com
80vpc,Jast,F,040388296380,US,Ewald_Jast7@gmail.com
rdyth,Dach,F,017495548108,FO,Marques33@yahoo.com
sjo4y,VonRueden,F,032835087708,BV,Kayli.VonRueden@yahoo.com
swx5f,McKenzie,M,094231212952,CC,Savion_McKenzie@yahoo.com
h4lky,Ondricka,F,018306508837,TJ,Skye.Ondricka@hotmail.com
svlxp,Gislason,F,059718335661,BJ,Vito84@yahoo.com
3tiou,Hamill,F,086664532622,PT,Jannie_Hamill@gmail.com
u4rs4,Veum,M,099497918796,PN,Jarred.Veum@hotmail.com
spq2c,Crist,F,020512341302,LY,Blair_Crist@yahoo.com
uw487,Wiza,M,029646207888,BN,Johnathan_Wiza14@yahoo.com
n2f3f,Kling,F,005723380862,CM,Howard.Kling74@yahoo.com
fi772,Beer,F,045974026725,VE,Jayson_Beer@yahoo.com
egmzn,Wisozk,M,043981887098,ID,Melisa_Wisozk39@gmail.com
hnae1,Bode,M,039491677503,TT,Korey_Bode35@yahoo.com
u0qlc,Gibson,F,034612947517,SJ,Bell94@gmail.com
96yts,Quitzon,M,060269739916,CG,Dorothy_Quitzon57@hotmail.com
f4lpl,West,M,002542627870,TG,Samanta.West@gmail.com
vxqjm,Jacobs,M,054746720025,TT,Vince9@yahoo.com
677b7,Kuvalis,M,031558927640,PE,Laura2@yahoo.com
v74m7,Monahan,M,078532256629,GN,Arnulfo.Monahan@yahoo.com
w4fcn,Hodkiewicz,F,073530520316,KI,Adeline.Hodkiewicz@yahoo.com
oz1kb,McKenzie,M,093564478501,NC,Sabrina64@gmail.com
19u1e,Predovic,M,004073065687,BT,Aiyana82@hotmail.com
ctd45,MacGyver,M,055879348656,GD,Evan.MacGyver@hotmail.com
o76zy,Towne,F,042403035632,CX,Elvis66@hotmail.com
kcwte,Bartoletti,M,003305117865,NF,Lily.Bartoletti74@yahoo.com
9rtl8,McLaughlin,F,006493564409,MD,Kayley37@gmail.com
9zimb,Luettgen,M,050233680591,BD,Saul.Luettgen@hotmail.com
0lrxp,Prosacco,F,074093348398,AG,Newell.Prosacco68@gmail.com
9zbg7,Marks,F,021167818196,JP,Hilbert79@gmail.com
7g7v8,Abbott,M,070807696023,EC,Anjali63@gmail.com
9wd2q,Kirlin,M,021405340472,TW,Katherine11@gmail.com
9l8wm,Stehr,M,051480867959,SY,Robb59@gmail.com
w4y2m,Kilback,M,054245998820,CW,Ebony_Kilback@yahoo.com
c3qly,Quitzon,F,029499767851,PS,Alessandro_Quitzon@yahoo.com
cld5p,Harris,F,012827419967,MW,Meghan.Harris3@yahoo.com
l5rsj,Bruen,F,067315200161,CF,Lavonne.Bruen33@hotmail.com
o3t3f,Rogahn,M,092208882639,SI,Kelsie_Rogahn@gmail.com
x0d5t,Ryan,F,095577259935,RU,Alba.Ryan@hotmail.com
0r3y3,Upton,F,041310409078,CC,Neoma_Upton@yahoo.com
g6lrf,Kovacek,M,004815255026,SR,Imani.Kovacek96@hotmail.com
m7w3r,Beatty,F,093226748964,AW,Angelita.Beatty31@yahoo.com
ihffg,Lebsack,M,003569241690,GS,Danny36@yahoo.com
1s1jg,Lindgren,M,028425210117,DE,Napoleon.Lindgren@gmail.com
9gqzf,Osinski,F,002869807165,EE,Justus97@gmail.com
f86o9,Schaefer,M,092587143786,TL,Sebastian_Schaefer@hotmail.com
kqg6s,Quigley,M,021594692161,GE,Erich_Quigley54@yahoo.com
vdi9q,Johnson,M,041305855512,AQ,Elijah_Johnson@gmail.com
hdg14,Altenwerth,F,019984049573,CN,Caleigh84@gmail.com
jd9dm,Haag,F,079529841503,BD,Mario.Haag@gmail.com
0jwjz,Ondricka,M,096461633939,AZ,Magnus_Ondricka@gmail.com
s98ol,Mosciski,M,081421496696,ZM,Hubert_Mosciski44@gmail.com
wu11s,Kuhn,F,080458405856,SZ,Augustus_Kuhn@yahoo.com
hen8j,Altenwerth,F,028746599274,MM,Myrna_Altenwerth@hotmail.com
eh3yf,Marks,M,072654605994,BN,Madeline.Marks@hotmail.com
c6r19,Mante,M,004046627189,ID,Isabel_Mante@yahoo.com
0yswg,Moen,M,017819881466,AR,Gust_Moen@yahoo.com
44mvd,Renner,F,051457172233,TO,Helena37@yahoo.com
i5ze5,Schamberger,M,073982461415,CG,Susana.Schamberger22@gmail.com
6h4cw,Rath,M,061518970554,AR,Adela.Rath@hotmail.com
tylbk,Kihn,M,093371519163,LB,Cara58@hotmail.com
evf19,Kihn,M,030911692056,NI,Santiago_Kihn@yahoo.com
imore,Kshlerin,M,028685527173,KI,Wanda.Kshlerin89@yahoo.com
2u4m1,Cole,F,022897922232,CY,Elmer.Cole@hotmail.com
085er,Littel,F,001179962887,CY,Mafalda_Littel30@hotmail.com
5fyc6,Zemlak,F,062639934273,GT,Einar_Zemlak@yahoo.com
af7ke,Murazik,M,082079368881,TZ,Amani67@hotmail.com
2obsj,Leuschke,M,022591704048,ID,Rafael73@gmail.com
k4fum,White,F,085699975722,DK,Deangelo.White40@hotmail.com
je9pl,Collier,F,061002216108,BG,Vernice.Collier@yahoo.com
vbup8,McCullough,M,080297441010,KE,Aurelia_McCullough12@gmail.com
ybnkc,Rowe,F,099060765245,AQ,Missouri.Rowe93@yahoo.com
wn66a,Cartwright,F,044617781831,LK,Shyanne.Cartwright14@gmail.com
a17y5,Blanda,M,034835746042,GP,Ines40@gmail.com
ppdeh,Brown,M,060085978587,VG,Jasen59@hotmail.com
lk7cf,Roberts,M,041672834842,TC,Mose81@gmail.com
m3v93,Murphy,M,045414163808,RO,Jay69@yahoo.com
16xj5,Jones,F,075981919437,GD,Kamryn_Jones@hotmail.com
lcwz9,Boyer,M,007869425217,AG,Andrew37@hotmail.com
4pr2p,King,M,010518404378,UY,Laurie87@yahoo.com
c1mxv,Lebsack,F,058953199196,IM,Declan.Lebsack@gmail.com
xwvi6,Larson,M,004901599357,AS,Keenan_Larson45@yahoo.com
48nud,Lesch,M,014403547615,TT,Elvera.Lesch63@yahoo.com
do21k,Cremin,M,058133342899,VI,Augustus.Cremin92@hotmail.com
6jsm2,Stehr,F,003885115791,DK,Cicero_Stehr@hotmail.com
ktzsn,Kulas,F,065757187433,GM,Cecile_Kulas27@hotmail.com
fc5sc,Beer,M,083851772156,KM,Shawn27@gmail.com
k5hq1,Bradtke,M,086952953900,BM,Patricia40@yahoo.com
gofaz,Auer,F,059271904657,CC,Jaren.Auer27@hotmail.com
mo00v,Parker,M,014612133493,LI,Cheyenne.Parker@gmail.com
syf0s,Mitchell,M,023540862793,TO,Aurelio.Mitchell22@gmail.com
6s890,Hartmann,F,084798780037,MU,Amelia_Hartmann37@hotmail.com
w6k3k,Kshlerin,F,086529864202,LC,Maximilian33@gmail.com
oellb,Dibbert,F,052887619711,NE,Kenya.Dibbert59@gmail.com
m66ls,Heathcote,F,082957004326,BZ,Joan.Heathcote@yahoo.com
enp3w,Krajcik,F,004195625001,NE,Alice.Krajcik43@gmail.com
u5ev7,Kub,M,080877514712,MU,Tommie_Kub63@gmail.com
4u2af,Bashirian,F,066751684803,WS,Judah49@yahoo.com
1xh7n,Collier,F,004720274206,MU,Jean.Collier@hotmail.com
klph5,Kozey,F,058843986333,SJ,Nasir.Kozey48@yahoo.com
l7igm,Satterfield,F,004118671989,BS,Leo51@yahoo.com
wzms5,Larson,F,087206913461,SG,Marielle_Larson25@gmail.com
sgbad,Cremin,M,048153118890,BB,Myrtice91@yahoo.com
zq5oh,Hermiston,F,061312718418,BV,Itzel.Hermiston@yahoo.com
5mzax,Nitzsche,F,017794784729,KZ,Mallie99@yahoo.com
9vjwn,Hamill,M,098883173768,AW,Sigmund_Hamill@gmail.com
mxx6v,Langosh,F,010028893854,VC,Zelma52@hotmail.com
5kqht,Marks,F,099331451917,JM,Grayce_Marks@gmail.com
gwpw9,Schimmel,M,000783221409,IL,Sheila_Schimmel@hotmail.com
50aq4,Crooks,M,095748334047,TL,Devon_Crooks@gmail.com
j2jz3,Swift,F,050488958261,VE,Armand_Swift82@hotmail.com
ph95h,Rolfson,M,095975047099,FJ,Crystal_Rolfson86@hotmail.com
ojwym,Kuphal,M,064361189195,CD,Sammie.Kuphal40@gmail.com
gipwc,Ruecker,M,057440392334,BE,Eula70@yahoo.com
p62lu,Braun,F,081684982491,BA,Kelli.Braun10@hotmail.com
4fl6d,Kautzer,F,079541772967,BN,Lenna_Kautzer10@gmail.com
8n8f3,Jaskolski,M,064613627187,KR,Alan92@hotmail.com
y8lbz,Roob,F,087162355695,FR,Marisol_Roob@hotmail.com
xjr93,Koss,M,040297901787,KY,Alexie17@hotmail.com
90x2a,Kertzmann,F,017032989780,BZ,Kiana.Kertzmann@yahoo.com
hjdm6,Rutherford,F,045706892171,VU,Donna.Rutherford84@yahoo.com
nwekj,Schmeler,F,066940213726,MM,Everett_Schmeler95@hotmail.com
o4ygu,Cronin,M,096308202827,KI,Myrl.Cronin51@hotmail.com
k7yzy,Aufderhar,F,006014972914,MS,Tyson_Aufderhar@gmail.com
aag34,Kohler,F,073224288737,UY,Rahsaan69@yahoo.com
ufsms,Beer,F,059593749190,IE,Marilou.Beer38@yahoo.com
h1wq2,Bauch,F,052871628596,CH,Hubert91@gmail.com
j2oci,Koelpin,F,034529926525,CD,Lenny.Koelpin@yahoo.com
kc0dz,Larson,M,012248216720,CY,Lukas.Larson93@yahoo.com
d0nym,Feil,F,028218354490,PW,Alexandre46@hotmail.com
4s8ms,Lemke,F,018724252869,CU,Eden26@hotmail.com
pq34x,D'Amore,M,033134730849,NA,Herminia_DAmore44@yahoo.com
kvsn2,Schaden,F,092775776437,SH,Janiya34@gmail.com
k31rs,Medhurst,F,091275447675,KG,Theresia.Medhurst45@gmail.com
qrv7r,Little,M,052136134637,MM,Kaylah.Little78@hotmail.com
gfmhk,Hahn,F,042124481998,NE,Kaylah13@hotmail.com
8oj46,Moen,M,008498705370,CZ,Keyshawn.Moen64@gmail.com
j54uu,Huels,M,036048916114,CM,Brady.Huels66@hotmail.com
7ym0d,Boehm,F,085763593793,NC,Valentine_Boehm0@yahoo.com
zjlw4,Wisoky,M,076693958915,WS,Karolann.Wisoky@gmail.com
jtkql,Berge,M,091699559329,CH,Nestor98@yahoo.com
38hn9,Lubowitz,M,092958445724,AQ,Domenico.Lubowitz@hotmail.com
3zz74,Hane,F,053644474089,RW,Brandon93@hotmail.com
i8xac,Ryan,F,087763242828,VI,Kariane.Ryan67@hotmail.com
zienl,Nienow,F,039958606040,BW,Jovanny_Nienow48@gmail.com
8kllv,Howell,F,049543815875,AX,Alexanne14@gmail.com
7v8xu,Terry,M,036961357923,YE,Leann83@yahoo.com
qsxeg,Hermiston,M,067192246357,SX,Rebekah81@hotmail.com
d16p6,Parker,F,072794053599,GL,Octavia83@yahoo.com
0pzgk,Turner,F,098920316818,BO,Bartholome.Turner7@gmail.com
an9ap,Balistreri,F,074294776567,CF,Elna_Balistreri@gmail.com
58eq8,Koch,F,055435617036,CC,Annabelle.Koch@yahoo.com
4ga84,Konopelski,M,093847962086,GA,Foster.Konopelski22@gmail.com
hj27c,Gusikowski,M,013928449660,MT,Chadd_Gusikowski@yahoo.com
671q5,Beier,M,029585870620,GR,Cordie.Beier25@yahoo.com
dme64,Langosh,M,006393459100,CX,Tyson33@yahoo.com
uef6u,Bechtelar,M,042817054331,MY,Miller.Bechtelar@gmail.com
l1y9i,Wilkinson,F,007755340426,AQ,Abraham40@hotmail.com
nadi8,Pfannerstill,M,003303572990,EG,Carlos.Pfannerstill34@yahoo.com
9p9ra,Welch,F,054522956972,JE,Wellington17@yahoo.com
4trjx,Oberbrunner,M,001530734731,BO,Micheal.Oberbrunner@hotmail.com
frndt,Lynch,M,042973280285,BN,Fannie65@yahoo.com
7lcyx,Gottlieb,F,028563079942,VE,Ahmad_Gottlieb@hotmail.com
tlolm,Crist,M,047497443318,TH,Monserrate.Crist@yahoo.com
1wsuf,Jaskolski,F,026321955795,BR,Karen37@gmail.com
v0976,Berge,F,075993019883,WF,Kaci_Berge@hotmail.com
9ylih,Rempel,F,098343862129,FR,Deja_Rempel52@yahoo.com
8wtiw,Lang,M,000985687155,IQ,Jonatan21@yahoo.com
hyecx,Flatley,M,012482191358,VU,Angelina_Flatley52@gmail.com
se07d,Kulas,M,070719482092,CC,Theresia52@hotmail.com
5ne2b,Gutmann,M,090149767546,AR,Rhiannon76@hotmail.com
tu0o3,Dickens,M,083050468730,UM,Makayla42@yahoo.com
a4oqu,Veum,M,073678708017,DJ,Karlie_Veum@yahoo.com
ifdnh,Block,F,022387175930,CX,Cathrine97@gmail.com
jzh1t,Hodkiewicz,F,017747032869,BH,Alda_Hodkiewicz@gmail.com
4nbqn,Hayes,F,066426512079,NO,Consuelo.Hayes@gmail.com
qi1lo,Baumbach,F,054000543357,SG,Savannah.Baumbach@gmail.com
e2jlc,Sanford,M,086470366995,PH,Cameron_Sanford@gmail.com
4to3r,Parisian,F,040327667059,VE,Bernard.Parisian@yahoo.com
oyotj,Kunde,F,097639992626,RS,Lourdes_Kunde81@yahoo.com
7nl2u,Rohan,F,049425716211,TF,Cordie_Rohan@hotmail.com
9juwg,Macejkovic,M,086476859049,SL,Billie.Macejkovic@gmail.com
lukeb,Carter,M,060803476234,QA,Esmeralda_Carter23@gmail.com
t4g8y,Stamm,F,084935766779,GT,Jimmie72@gmail.com
za3fu,Wyman,M,036169073607,MO,Geraldine21@gmail.com
r0zp4,Nader,M,062951225395,MG,Quinn.Nader4@yahoo.com
6dez5,McDermott,M,077903242425,BW,Stevie_McDermott94@yahoo.com
hmjgm,Russel,M,071946781223,BS,Morris_Russel@yahoo.com
rk6y8,Kassulke,M,098895818403,AG,Bernadette_Kassulke71@yahoo.com
5esj0,Herzog,M,075916694586,RE,Lois.Herzog@hotmail.com
rgfff,Leuschke,M,049277969217,MT,Kiley_Leuschke@yahoo.com
xti4s,Labadie,M,036636194160,LR,Kareem9@gmail.com
dcxlj,Cummings,F,016549886473,SI,Agnes_Cummings@hotmail.com
3hwe2,Grimes,M,008634716183,MX,Birdie18@hotmail.com
0d0o6,Stamm,F,092317734292,DO,Shanna.Stamm@hotmail.com
ei5kk,O'Hara,F,042892335041,MF,Wendy_OHara@gmail.com
z8346,Kuphal,M,083751436277,BL,Verna.Kuphal80@gmail.com
mcpqc,Lubowitz,M,079371740282,PY,Jay13@yahoo.com
s2iqt,Smith,F,062525660564,KY,Felicita_Smith@gmail.com
fmknh,Crist,F,039954975575,SY,Abbey_Crist@hotmail.com
j6q98,Rempel,F,014305101577,BY,Domenico.Rempel23@hotmail.com
o5846,Becker,F,029520594412,RO,Kiera67@yahoo.com
d1sbw,Heidenreich,M,030428428391,GQ,Cortez92@yahoo.com
ikp57,Fisher,M,031661664143,EC,Kaleigh68@gmail.com
ivpgv,Schinner,F,096531828275,NA,Turner.Schinner@gmail.com
jdg15,Welch,F,069913994852,MS,Karson_Welch18@hotmail.com
4cmbm,Kuhlman,F,037753738954,YE,Loy_Kuhlman64@hotmail.com
00riu,Lehner,F,012215428158,CD,Fabiola45@gmail.com
ssaj0,Nolan,M,018741545914,AG,Casandra.Nolan@gmail.com
46rb0,Rempel,M,096130016208,GP,Arvel_Rempel87@yahoo.com
y03g6,Pacocha,F,071770180018,AI,Abbigail74@gmail.com
q06aa,Auer,M,019744333532,MP,Floy.Auer@hotmail.com
0bb9w,Sanford,M,086391788622,GS,Carlos.Sanford@gmail.com
n0te1,Larson,F,037140162370,SE,Darron26@yahoo.com